name,S_SHE/HER_USED_FOR_INANIMATE_REFERENTS,S_HE/HIM_USED_FOR_INANIMATE_REFERENTS,S_ALTERNATIVE_FORMS/PHRASES_FOR_REFERENTIAL_(NON-DUMMY)_IT,S_ALTERNATIVE_FORMS/PHRASES_FOR_DUMMY_IT,S_GENERALIZED_THIRD_PERSON_SINGULAR_PRONOUN:_SUBJECT_PRONOUNS,S_GENERALIZED_THIRD_PERSON_SINGULAR_PRONOUN:_OBJECT_PRONOUNS,S_ME_INSTEAD_OF_I_IN_COORDINATE_SUBJECTS,S_MYSELF/MESELF_INSTEAD_OF_I_IN_COORDINATE_SUBJECTS,S_BENEFACTIVE_“PERSONAL_DATIVE”_CONSTRUCTION,M_NO_GENDER_DISTINCTION_IN_THIRD_PERSON_SINGULAR,S_REGULARIZED_REFLEXIVES_PARADIGM,S_OBJECT_PRONOUN_FORMS_SERVING_AS_BASE_FOR_FIRST_AND/OR_SECOND_PERSON_REFLEXIVES,S_SUBJECT_PRONOUN_FORMS_SERVING_AS_BASE_FOR_REFLEXIVES,M_NO_NUMBER_DISTINCTION_IN_REFLEXIVES,S_ABSOLUTE_USE_OF_REFLEXIVES,S_EMPHATIC_REFLEXIVES_WITH_OWN,M_CREATION_OF_POSSESSIVE_PRONOUNS_WITH_PREFIX_FI-_+PERSONAL_PRONOUN,S_SUBJECT_PRONOUN_FORMS_AS_(MODIFYING)_POSSESSIVE_PRONOUNS:_FIRST_PERSON_SINGULAR,S_SUBJECT_PRONOUN_FORMS_AS_(MODIFYING)_POSSESSIVE_PRONOUNS:_FIRST_PERSON_PLURAL,S_SUBJECT_PRONOUN_FORMS_AS_(MODIFYING)_POSSESSIVE_PRONOUNS:_THIRD_PERSON_SINGULAR,S_SUBJECT_PRONOUN_FORMS_AS_(MODIFYING)_POSSESSIVE_PRONOUNS:_THIRD_PERSON_PLURAL,S_YOU_AS_(MODIFYING)_POSSESSIVE_PRONOUN,S_SECOND_PERSON_PRONOUN_FORMS_OTHER_THAN_YOU_AS_(MODIFYING)_POSSESSIVE_PRONOUN,S_OBJECT_PRONOUN_FORMS_AS_(MODIFYING)_POSSESSIVE_PRONOUNS:_THIRD_PERSON_SINGULAR,S_OBJECT_PRONOUN_FORMS_AS_(MODIFYING)_POSSESSIVE_PRONOUNS:_THIRD_PERSON_PLURAL,S_OBJECT_PRONOUN_FORMS_AS_(MODIFYING)_POSSESSIVE_PRONOUNS:_FIRST_PERSON_SINGULAR,S_OBJECT_PRONOUN_FORMS_AS_(MODIFYING)_POSSESSIVE_PRONOUNS:_FIRST_PERSON_PLURAL,S_USE_OF_US_+_NP_IN_SUBJECT_FUNCTION,S_USE_OF_US_IN_OBJECT_FUNCTION_WITH_SINGULAR_REFERENT,S_NON-COORDINATED_SUBJECT_PRONOUN_FORMS_IN_OBJECT_FUNCTION,S_NON-COORDINATED_OBJECT_PRONOUN_FORMS_IN_SUBJECT_FUNCTION,S_DISTINCTION_BETWEEN_EMPHATIC_VS._NON-EMPHATIC_FORMS_OF_PRONOUNS,M_INDEPENDENT_POSSESSIVE_PRONOUN_FORMS_WITH_ADDED_NASAL,S_FORMS_OR_PHRASES_FOR_THE_SECOND_PERSON_PLURAL_PRONOUN_OTHER_THAN_YOU,S_FORMS_OR_PHRASES_FOR_THE_SECOND_PERSON_SINGULAR_PRONOUN_OTHER_THAN_YOU,S_DISTINCT_FORMS_FOR_INCLUSIVE/EXCLUSIVE_FIRST_PERSON_NON-SINGULAR,M_MORE_NUMBER_DISTINCTIONS_IN_PERSONAL_PRONOUNS_THAN_SIMPLY_SINGULAR_VS._PLURAL,M_SPECIALIZED_PLURAL_MARKERS_FOR_PRONOUNS,M_PLURAL_FORMS_OF_INTERROGATIVE_PRONOUNS:_USING_ADDITIONAL_ELEMENTS,M_PLURAL_FORMS_OF_INTERROGATIVE_PRONOUNS:_REDUPLICATION,S_SINGULAR_IT_FOR_PLURAL_THEY_IN_ANAPHORIC_USE,S_OBJECT_PRONOUN_DROP,S_SUBJECT_PRONOUN_DROP:_REFERENTIAL_PRONOUNS,S_SUBJECT_PRONOUN_DROP:_DUMMY_PRONOUNS,S_INSERTION_OF_IT_WHERE_STE_FAVOURS_ZERO,S_DELETION_OF_IT_IN_REFERENTIAL_IT_IS-CONSTRUCTIONS,S_DELETION_OF_IT_IN_NON-REFERENTIAL_IT_IS-CONSTRUCTIONS,M_REGULARIZATION_OF_PLURAL_FORMATION:_EXTENSION_OF_-S_TO_STE_IRREGULAR_PLURALS,M_REGULARIZATION_OF_PLURAL_FORMATION:_PHONOLOGICAL_REGULARIZATION,M_PLURAL_MARKING_VIA_PREPOSED_ELEMENTS,M_PLURAL_MARKING_VIA_POSTPOSED_ELEMENTS,M_ASSOCIATIVE_PLURAL_MARKED_BY_POSTPOSED_AND_THEM/THEM_ALL/DEM,M_ASSOCIATIVE_PLURAL_MARKED_BY_OTHER_ELEMENTS,M_GROUP_PLURALS,M_DIFFERENT_COUNT/MASS_NOUN_DISTINCTIONS_RESULTING_IN_USE_OF_PLURAL_FOR_STE_SINGULAR,M_ABSENCE_OF_PLURAL_MARKING_ONLY_AFTER_QUANTIFIERS,M_PLURAL_MARKING_GENERALLY_OPTIONAL_:_FOR_NOUNS_WITH_HUMAN_REFERENTS,M_PLURAL_MARKING_GENERALLY_OPTIONAL:_FOR_NOUNS_WITH_NON-HUMAN_REFERENTS,S_DOUBLE_DETERMINERS,S_USE_OF_DEFINITE_ARTICLE_WHERE_STE_HAS_INDEFINITE_ARTICLE,S_USE_OF_INDEFINITE_ARTICLE_WHERE_STE_HAS_DEFINITE_ARTICLE,S_USE_OF_ZERO_ARTICLE_WHERE_STE_HAS_INDEFINITE_ARTICLE,S_USE_OF_DEFINITE_ARTICLE_WHERE_STE_FAVOURS_ZERO,S_USE_OF_INDEFINITE_ARTICLE_WHERE_STE_FAVOURS_ZERO,M_INDEFINITE_ARTICLE_ONE/WAN,S_DEMONSTRATIVES_FOR_DEFINITE_ARTICLES,S_THEM_INSTEAD_OF_DEMONSTRATIVE_THOSE,S_YON/YONDER_INDICATING_REMOTENESS,S_PROXIMAL_AND_DISTAL_DEMONSTRATIVES_WITH_ʼHEREʼ_AND_ʼTHEREʼ,M_NO_NUMBER_DISTINCTION_IN_DEMONSTRATIVES,M_GROUP_GENITIVES,S_EXISTENTIAL_CONSTRUCTION_TO_EXPRESS_POSSESSIVE,S_PHRASES_WITH_FOR_+_NOUN_TO_EXPRESS_POSSESSION:_FOR-PHRASE_FOLLOWING_POSSESSED_NP,S_PHRASES_WITH_FOR_+_NOUN_TO_EXPRESS_POSSESSION:_FOR-PHRASE_PRECEDING_POSSESSED_NP,S_POSTNOMINAL_PHRASES_WITH_BILONG/BLONG/LONG/BLO_TO_EXPRESS_POSSESSION,S_OMISSION_OF_GENITIVE_SUFFIX;_POSSESSION_EXPRESSED_THROUGH_BARE_JUXTAPOSITION_OF_NOUNS,S_DOUBLE_COMPARATIVES_AND_SUPERLATIVES,S_REGULARIZED_COMPARISON_STRATEGIES:_EXTENSION_OF_SYNTHETIC_MARKING,S_REGULARIZED_COMPARISON_STRATEGIES:_EXTENSION_OF_ANALYTIC_MARKING,S_MUCH_AS_COMPARATIVE_MARKER,S_AS/TO_AS_COMPARATIVE_MARKERS,S_COMPARATIVES_AND_SUPERLATIVES_OF_PARTICIPLES,S_COMPARATIVE_MARKING_ONLY_WITH_THAN,S_COMPARATIVE_MARKING_WITH_MORE…AND,S_ZERO_MARKING_OF_DEGREE,S_ATTRIBUTIVE_ADJECTIVAL_MODIFIERS_FOLLOW_HEAD_NOUN,S_WIDER_RANGE_OF_USES_OF_PROGRESSIVE_BE_+_V-ING_THAN_IN_STE:_EXTENSION_TO_STATIVE_VERBS,S_WIDER_RANGE_OF_USES_OF_PROGRESSIVE_BE_+_V-ING_THAN_IN_STE:_EXTENSION_TO_HABITUAL_CONTEXTS,S_INVARIANT_BE_AS_HABITUAL_MARKER,S_DO_AS_HABITUAL_MARKER,S_OTHER_NON-STANDARD_HABITUAL_MARKERS:_SYNTHETIC,S_OTHER_NON-STANDARD_HABITUAL_MARKERS:_ANALYTIC,S_PROGRESSIVE_MARKER_STAP_OR_STAY,S_BE_SAT/STOOD_WITH_PROGRESSIVE_MEANING,S_THERE_WITH_PAST_PARTICIPLE_IN_RESULTATIVE_CONTEXTS,S_MEDIAL_OBJECT_PERFECT,S_AFTER-PERFECT,S_LEVELLING_OF_THE_DIFFERENCE_BETWEEN_PRESENT_PERFECT_AND_SIMPLE_PAST:_SIMPLE_PAST_FOR_STE_PRESENT_PERFECT,S_LEVELLING_OF_THE_DIFFERENCE_BETWEEN_PRESENT_PERFECT_AND_SIMPLE_PAST:_PRESENT_PERFECT_FOR_STE_SIMPLE_PAST,S_SIMPLE_PRESENT_FOR_CONTINUATIVE_OR_EXPERIENTIAL_PERFECT,S_BE_AS_PERFECT_AUXILIARY,S_DO_AS_UNSTRESSED_TENSE_MARKER,S_COMPLETIVE/PERFECT_DONE,S_COMPLETIVE/PERFECT_HAVE/BE_+_DONE_+_PAST_PARTICIPLE,S_“SEQUENTIAL”_OR_“IRREALIS”_BE_DONE,S_COMPLETIVE/PERFECT_MARKER_SLAM,S_EVER_AS_MARKER_OF_EXPERIENTIAL_PERFECT,S_PERFECT_MARKER_ALREADY,S_FINISH-DERIVED_COMPLETIVE_MARKERS,S_PAST_TENSE/ANTERIOR_MARKER_BEEN,S_ANTERIOR_HAD_+_BARE_ROOT,S_LOOSENING_OF_SEQUENCE_OF_TENSES_RULE,S_GO-BASED_FUTURE_MARKERS,S_VOLITION-BASED_FUTURE_MARKERS_OTHER_THAN_WILL,S_COME-BASED_FUTURE/INGRESSIVE_MARKERS,S_PRESENT_TENSE_FORMS_FOR_NEUTRAL_FUTURE_REFERENCE,S_IS_FOR_AM/WILL_WITH_1ST_PERSON_SINGULAR,S_WOULD_FOR_(DISTANT)_FUTURE_IN_CONTRAST_TO_WILL_(IMMEDIATE_FUTURE),S_WOULD_IN_IF-CLAUSES,S_DOUBLE_MODALS,S_EPISTEMIC_MUSTN’T,S_PRESENT_TENSE_FORMS_OF_MODALS_USED_WHERE_STE_HAS_PAST_TENSE_FORMS,S_WANT/NEED_+_PAST_PARTICIPLE,S_NEW_QUASI-MODALS:_CORE_MODAL_MEANINGS,S_NEW_QUASI-MODALS:_ASPECTUAL_MEANINGS,S_NON-STANDARD_USE_OF_MODALS_FOR_POLITENESS_REASONS,M_LEVELLING_OF_PAST_TENSE/PAST_PARTICIPLE_VERB_FORMS:_REGULARIZATION_OF_IRREGULAR_VERB_PARADIGMS,M_LEVELLING_OF_PAST_TENSE/PAST_PARTICIPLE_VERB_FORMS:_UNMARKED_FORMS,M_LEVELLING_OF_PAST_TENSE/PAST_PARTICIPLE_VERB_FORMS:_PAST_TENSE_REPLACING_THE_PAST_PARTICIPLE,M_LEVELLING_OF_PAST_TENSE/PAST_PARTICIPLE_VERB_FORMS:_PAST_PARTICIPLE_REPLACING_THE_PAST_TENSE_FORM,M_ZERO_PAST_TENSE_FORMS_OF_REGULAR_VERBS,M_DOUBLE_MARKING_OF_PAST_TENSE,M_A-PREFIXING_ON_ING-FORMS,M_A-PREFIXING_ON_ELEMENTS_OTHER_THAN_ING-FORMS,M_SPECIAL_INFLECTED_FORMS_OF_BE,M_SPECIAL_INFLECTED_FORMS_OF_DO,M_SPECIAL_INFLECTED_FORMS_OF_HAVE,M_DISTINCTIVE_FORMS_FOR_AUXILIARY_VS._FULL_VERB_MEANINGS_OF_PRIMARY_VERBS,M_OTHER_FORMS/PHRASES_FOR_COPULA_ʼBEʼ:_BEFORE_NPS,M_OTHER_FORMS/PHRASES_FOR_COPULA_ʼBEʼ:_BEFORE_LOCATIVES,M_OTHER_FORMS/PHRASES_FOR_COPULA_ʼBEʼ:_BEFORE_ADJPS,M_TRANSITIVE_VERB_SUFFIX_-EM/-IM/-UM,M_USE_OF_GOTTEN_AND_GOT_WITH_DISTINCT_MEANINGS_(DYNAMIC_VS._STATIC),M_USE_OF_GOTTEN_INSTEAD_OF_GOT,M_USE_OF_VERBAL_SUFFIX_-ING_WITH_FORMS_OTHER_THAN_PRESENT_PARTICIPLE/GERUND,M_WAS_FOR_CONDITIONAL_WERE,"M_SERIAL_VERBS:_GIVE_=_ʼTO,_FORʼ",M_SERIAL_VERBS:_GO_=_ʼMOVEMENT_AWAY_FROMʼ,M_SERIAL_VERBS:_COME_=_ʼMOVEMENT_TOWARDSʼ,M_SERIAL_VERBS:_CONSTRUCTIONS_WITH_3_VERBS,M_SERIAL_VERBS:_CONSTRUCTIONS_WITH_4_OR_MORE_VERBS,M_GIVE_PASSIVE:_NP1_(PATIENT)_+_GIVE_+_NP2_(AGENT)_+_V,S_MULTIPLE_NEGATION_/_NEGATIVE_CONCORD,S_AIN’T_AS_THE_NEGATED_FORM_OF_BE,S_AINʼT_AS_THE_NEGATED_FORM_OF_HAVE,S_AINʼT_AS_GENERIC_NEGATOR_BEFORE_A_MAIN_VERB,S_INVARIANT_DON’T_FOR_ALL_PERSONS_IN_THE_PRESENT_TENSE,S_NEVER_AS_PREVERBAL_PAST_TENSE_NEGATOR,S_NO_AS_PREVERBAL_NEGATOR,S_NOT_AS_A_PREVERBAL_NEGATOR,S_NO_MORE/NOMO_AS_NEGATIVE_EXISTENTIAL_MARKER,S_WAS_–_WEREN’T_SPLIT,S_AMNʼT_IN_TAG_QUESTIONS,S_INVARIANT_NON-CONCORD_TAGS,S_INVARIANT_TAG_CAN_OR_NOT?,S_FRONTED_INVARIANT_TAG,S_SPECIAL_NEGATIVE_VERBS_IN_IMPERATIVES,S_NON-STANDARD_SYSTEM_UNDERLYING_RESPONSES_TO_NEGATIVE_YES/NO_QUESTIONS,S_INVARIANT_PRESENT_TENSE_FORMS_DUE_TO_ZERO_MARKING_FOR_THE_THIRD_PERSON_SINGULAR,S_INVARIANT_PRESENT_TENSE_FORMS_DUE_TO_GENERALIZATION_OF_3RD_PERSON_–S_TO_ALL_PERSONS,S_EXISTENTIAL_/_PRESENTATIONAL_THERE’S/THERE_IS/THERE_WAS_WITH_PLURAL_SUBJECTS,S_VARIANT_FORMS_OF_DUMMY_SUBJECT_THERE_IN_EXISTENTIAL_CLAUSES,S_DELETION_OF_AUXILIARY_BE:_BEFORE_PROGRESSIVE,S_DELETION_OF_AUXILIARY_BE:_BEFORE_GONNA,S_DELETION_OF_COPULA_BE:_BEFORE_NPS,S_DELETION_OF_COPULA_BE:_BEFORE_ADJPS,S_DELETION_OF_COPULA_BE:_BEFORE_LOCATIVES,S_DELETION_OF_AUXILIARY_HAVE,S_WAS/WERE_GENERALIZATION,S_AGREEMENT_SENSITIVE_TO_SUBJECT_TYPE,S_AGREEMENT_SENSITIVE_TO_POSITION_OF_SUBJECT,S_NORTHERN_SUBJECT_RULE,S_INVARIANT_BE_WITH_NON-HABITUAL_FUNCTION,S_RELATIVIZER_THAT_OR_WHAT_IN_NON-RESTRICTIVE_CONTEXTS,S_WHICH_FOR_‘WHO’,S_RELATIVIZER_AS,S_RELATIVIZER_AT,S_RELATIVIZER_WHERE_OR_A_FORM_DERIVED_FROM_WHERE,S_RELATIVIZER_WHAT_OR_A_FORM_DERIVED_FROM_WHAT,S_RELATIVIZER_DOUBLING,"S_USE_OF_ANALYTIC_OR_CLITICIZED_THAT_HIS/THAT’S,_WHAT_HIS/WHAT’S,_AT’S,_WHO_HIS_INSTEAD_OF_WHOSE",S_GAPPING/ZERO-RELATIVIZATION_IN_SUBJECT_POSITION,S_RESUMPTIVE/SHADOW_PRONOUNS,S_POSTPOSED_ONE_AS_SOLE_RELATIVIZER,S_CORRELATIVE_CONSTRUCTIONS,S_“LINKING_RELATIVE_CLAUSES”,S_DELETION_OF_STRANDED_PREPOSITIONS_IN_RELATIVE_CLAUSES_(“PREPOSITION_CHOPPING”),S_REDUCED_RELATIVE_PHRASES_PRECEDING_HEAD-NOUN,S_SAY-BASED_COMPLEMENTIZERS,S_FOR-BASED_COMPLEMENTIZERS,S_UNSPLIT_FOR_TO_IN_INFINITIVAL_PURPOSE_CLAUSES,S_FOR_(TO)_AS_INFINITIVE_MARKER,S_AS_WHAT_/_THAN_WHAT_IN_COMPARATIVE_CLAUSES,S_EXISTENTIALS_WITH_FORMS_OF_GET,S_EXISTENTIALS_WITH_FORMS_OF_HAVE,S_SUBSTITUTION_OF_THAT-CLAUSE_FOR_INFINITIVAL_SUBCLAUSE,S_DELETION_OF_TO_BEFORE_INFINITIVES,S_ADDITION_OF_TO_WHERE_STE_HAS_BARE_INFINITIVE,S_NON-FINITE_CLAUSE_COMPLEMENTS_WITH_BARE_ROOT_FORM_RATHER_THAN_-ING_FORM,S_CLAUSE-FINAL_BUT_=_ʼTHOUGHʼ,S_CLAUSE-FINAL_BUT_=_ʼREALLYʼ,S_NO_SUBORDINATION;_CHAINING_CONSTRUCTION_LINKING_TWO_MAIN_VERBS_(MOTION_AND_ACTIVITY),S_CONJUNCTION_DOUBLING:_CLAUSE_+_CONJ._+_CONJ._+_CLAUSE,S_CONJUNCTION_DOUBLING:_CORRELATIVE_CONJ.S,S_OMISSION_OF_STE_PREPOSITIONS,S_USE_OF_POSTPOSITIONS,S_AFFIRMATIVE_ANYMORE_‘NOWADAYS’,S_ADVERB-FORMING_SUFFIXES_–WAY_AND_–TIME,S_DEGREE_MODIFIER_ADVERBS_HAVE_THE_SAME_FORM_AS_ADJECTIVES,S_OTHER_ADVERBS_HAVE_THE_SAME_FORM_AS_ADJECTIVES,S_TOO;_TOO_MUCH;_VERY_MUCH_‘VERY’_AS_QUALIFIER,S_OTHER_OPTIONS_FOR_CLEFTING_THAN_STE,S_OTHER_POSSIBILITIES_FOR_FRONTING_THAN_STE,S_SENTENCE-INITIAL_FOCUS_MARKER,S_“NEGATIVE_INVERSION”,S_INVERTED_WORD_ORDER_IN_INDIRECT_QUESTIONS,S_NO_INVERSION/NO_AUXILIARIES_IN_WH-QUESTIONS,S_NO_INVERSION/NO_AUXILIARIES_IN_MAIN_CLAUSE_YES/NO_QUESTIONS,S_DOUBLY_FILLED_COMP-POSITION_WITH_WH-WORDS,S_SUPERLATIVE_MARKER_MOST_OCCURRING_BEFORE_HEAD_NOUN,S_EITHER_ORDER_OF_OBJECTS_IN_DOUBLE_OBJECT_CONSTRUCTIONS_(IF_BOTH_OBJECTS_ARE_PRONOMINAL),S_PRESENCE_OF_SUBJECT_IN_IMPERATIVES,S_LIKE_AS_A_FOCUSSING_DEVICE,S_LIKE_AS_A_QUOTATIVE_PARTICLE
iris1255,1,0,1,0,0,0,1,1,1,0,1,1,0,1,1,1,0,0,0,0,0,0,0,0,0,1,0,1,1,0,0,0,0,1,1,0,0,1,1,0,0,0,1,1,1,0,0,0,0,0,0,0,0,1,0,1,0,0,0,1,0,0,1,0,1,0,1,1,1,0,1,0,0,0,0,0,1,1,1,0,0,0,0,0,0,0,1,1,1,1,1,1,0,1,1,1,1,1,0,1,1,1,0,0,0,0,0,1,0,0,0,1,0,0,0,0,0,0,1,0,1,1,1,0,0,0,0,1,1,0,0,0,0,0,1,0,0,0,0,0,0,0,0,0,0,1,0,0,0,0,0,0,1,0,0,0,1,1,0,0,0,1,1,0,0,0,0,0,0,1,1,1,1,1,0,0,0,0,1,1,0,0,0,1,0,0,0,1,0,0,1,1,1,0,0,0,1,0,0,0,1,1,1,0,0,0,1,0,0,0,0,0,0,0,0,0,0,0,1,1,1,1,1,0,0,1,1,1,1,1,1,1,1,1
manx1244,1,0,1,0,0,0,1,1,0,0,1,1,0,1,1,1,0,0,0,0,0,0,0,0,0,1,0,1,1,0,0,0,0,1,0,0,0,0,0,0,1,0,0,0,0,0,0,1,0,0,0,1,0,1,0,0,0,0,0,1,0,0,1,0,0,0,1,1,1,0,1,1,0,0,0,1,1,1,1,0,0,0,0,0,0,1,1,1,0,0,0,0,0,1,1,1,0,1,1,1,1,0,0,0,0,0,0,0,0,0,0,1,0,0,0,0,0,0,0,0,0,0,0,0,0,0,1,1,1,0,0,0,1,1,0,0,0,1,0,0,0,0,0,0,0,1,0,0,0,0,0,0,1,0,0,0,0,1,0,0,0,1,0,0,0,0,0,0,0,1,1,0,0,0,0,0,0,0,1,0,0,0,0,1,0,0,0,0,1,0,0,1,0,0,0,0,0,0,0,0,0,1,0,0,0,0,0,0,0,0,0,0,0,0,1,0,0,0,1,1,0,1,0,1,0,1,0,1,0,0,1,1,1,0
wels1248,1,1,1,0,0,0,1,1,0,0,1,1,1,1,1,0,0,0,0,0,1,0,0,0,0,1,1,1,1,1,1,0,1,1,1,0,0,0,0,0,0,0,0,0,0,0,0,1,1,0,0,1,0,1,0,1,0,0,0,1,0,1,0,0,0,0,1,0,1,0,1,0,0,0,0,0,1,1,1,0,0,1,0,0,0,0,1,1,0,1,1,0,0,1,1,0,0,1,1,0,0,0,0,0,0,0,0,0,0,0,0,0,0,0,0,0,0,0,0,0,0,0,0,0,0,0,1,1,1,1,1,1,1,1,1,1,1,1,0,0,0,0,1,1,1,1,0,0,0,0,0,0,1,1,1,0,1,1,0,0,0,0,0,1,0,0,1,0,1,1,1,0,0,0,0,0,0,1,1,0,0,0,1,0,1,1,1,0,1,0,1,1,0,0,0,0,0,0,0,0,1,0,1,0,0,1,0,0,0,0,0,0,0,0,1,0,0,0,1,1,0,1,1,1,0,1,1,1,0,0,1,1,1,1
sout3285,1,0,0,1,0,0,1,1,0,0,1,1,0,0,0,0,0,0,0,0,0,0,0,0,0,1,0,1,1,0,0,1,0,1,0,0,0,0,0,0,0,0,0,0,0,0,0,0,0,0,0,0,0,1,0,1,0,0,0,0,0,0,0,0,0,0,1,0,1,0,1,0,0,0,0,0,1,1,1,0,0,0,0,0,0,0,0,0,0,0,0,0,0,1,1,0,0,1,1,0,0,0,0,0,0,0,0,0,0,0,0,1,0,0,0,0,0,0,0,0,0,0,0,0,0,0,1,1,1,1,0,0,1,0,0,0,0,1,0,0,0,0,0,0,0,1,0,0,0,0,0,0,1,1,1,0,1,1,0,0,0,1,0,0,0,0,0,0,1,0,1,0,0,0,0,0,0,0,1,0,0,0,1,1,0,0,0,0,1,0,1,1,0,0,0,1,1,0,0,0,0,0,1,0,0,0,0,0,0,0,0,0,0,0,0,0,0,0,0,1,0,0,0,0,0,0,0,1,0,0,1,1,1,1
chan1327,1,1,0,0,0,0,1,1,0,0,0,0,0,0,0,0,0,0,0,0,0,0,0,0,0,1,0,1,0,0,0,0,0,1,0,0,0,0,0,0,0,0,1,0,0,0,0,0,0,0,0,0,0,-1,0,1,0,0,0,0,0,0,1,0,0,0,1,0,0,0,0,0,0,0,0,0,-1,-1,1,0,0,0,0,0,0,0,1,0,0,0,0,0,0,0,0,0,0,1,0,1,0,0,0,0,0,0,0,0,0,0,0,1,0,0,0,1,0,0,1,0,0,0,0,0,0,0,1,1,0,1,0,0,0,0,0,0,0,0,0,0,0,0,0,0,0,1,0,0,0,0,0,0,1,1,1,1,1,1,0,0,0,0,0,1,0,0,0,0,1,1,1,0,0,1,0,0,0,1,1,0,0,0,0,1,1,0,0,0,1,0,0,1,1,0,0,1,0,0,0,0,1,0,1,0,0,0,0,0,0,0,0,1,0,0,1,0,0,0,1,1,0,0,0,0,0,0,0,1,0,0,0,0,1,1
brit1243,0,0,1,0,1,1,1,-1,1,1,0,0,1,1,0,-1,1,1,1,1,1,1,1,0,0,0,0,0,1,0,0,-1,0,1,1,0,0,0,0,0,0,0,0,0,0,0,0,0,0,0,1,1,0,0,0,0,0,0,1,0,0,0,0,0,1,1,1,0,1,0,0,0,1,1,0,1,1,1,0,0,0,0,0,0,0,0,0,0,0,1,0,0,0,0,-1,0,0,0,0,0,0,0,0,0,0,0,0,1,0,1,0,-1,1,0,0,0,1,0,0,0,0,0,0,0,0,0,0,1,0,1,1,0,0,1,0,0,0,0,0,1,0,0,0,0,0,-1,0,1,1,1,-1,0,1,1,1,0,1,1,1,1,0,0,0,1,0,0,0,0,1,0,-1,0,1,-1,1,1,1,0,1,0,0,0,0,0,0,0,0,1,0,0,0,1,0,0,0,-1,1,0,1,1,0,0,0,0,0,0,-1,0,1,0,0,0,0,0,1,0,0,0,1,1,0,1,0,1,0,0,1,1,0,0,0,0,0,-1
malt1247,1,0,1,0,0,0,1,1,1,0,0,0,0,-1,0,-1,0,0,0,0,0,-1,0,0,0,0,0,1,0,0,0,1,0,1,0,0,0,0,0,0,-1,1,1,1,1,1,1,1,1,0,0,0,1,-1,1,1,0,0,1,1,-1,1,1,1,0,1,-1,0,0,1,-1,0,0,0,0,1,1,1,1,1,1,0,0,0,0,0,1,1,0,0,0,1,1,0,-1,-1,0,1,1,1,-1,0,0,0,0,0,0,-1,0,0,0,1,1,-1,-1,1,0,-1,1,1,1,-1,0,0,0,0,1,-1,-1,-1,1,1,0,0,0,0,0,0,0,0,0,0,0,0,-1,1,0,0,0,0,0,0,1,1,1,1,1,1,0,0,0,0,-1,1,0,0,0,0,1,0,1,1,1,-1,0,0,0,0,-1,0,0,0,0,1,1,-1,0,-1,1,-1,0,-1,1,0,0,-1,-1,0,0,0,1,1,1,-1,0,1,-1,-1,-1,1,-1,1,1,1,1,0,0,0,1,1,0,-1,1,0,-1,1,1,1,0,-1,0,1,1,1
newf1239,1,1,-1,-1,0,1,1,1,1,0,1,0,1,-1,1,1,0,0,0,0,0,0,1,0,0,0,0,1,1,1,1,1,-1,1,1,0,0,-1,1,0,-1,0,1,-1,1,-1,-1,-1,1,0,0,1,-1,1,-1,1,0,0,-1,1,-1,-1,1,-1,0,0,1,-1,1,0,1,0,0,0,0,0,1,1,1,0,-1,-1,0,-1,-1,0,1,1,0,1,1,1,0,1,1,1,1,1,1,1,1,-1,-1,-1,0,0,0,1,0,1,-1,1,0,0,-1,-1,1,0,1,0,1,-1,0,1,1,-1,1,1,1,1,-1,1,1,1,-1,-1,-1,1,0,0,0,0,1,0,0,1,0,0,0,0,0,0,1,1,1,-1,1,1,0,0,0,-1,-1,1,0,0,0,0,0,1,1,1,-1,-1,0,0,0,0,1,0,0,0,1,1,1,-1,-1,0,1,0,1,1,-1,0,0,-1,1,-1,0,1,1,1,1,-1,-1,-1,-1,-1,-1,1,1,1,-1,0,1,-1,0,-1,1,1,-1,1,-1,-1,1,1,1,1,0,-1,-1,0,1,1
urba1236,1,0,1,1,1,0,1,1,1,1,1,0,1,1,0,1,0,0,0,1,1,1,0,0,1,0,1,1,0,0,0,0,0,1,0,0,0,1,1,0,1,0,1,0,1,1,0,1,1,0,0,1,1,1,1,1,1,1,0,0,0,0,0,0,1,1,1,0,1,0,1,0,0,1,0,1,1,1,1,1,1,1,1,1,1,0,1,1,1,0,1,1,1,1,1,0,0,1,0,0,1,1,1,1,1,0,0,0,0,1,1,1,1,0,1,1,0,1,1,1,1,1,0,1,1,0,1,1,1,1,1,0,0,0,0,0,0,1,0,0,1,0,1,1,0,1,0,0,0,0,0,0,1,1,1,1,1,1,0,0,0,0,0,1,1,0,0,1,1,1,1,1,1,0,1,1,1,1,1,0,1,0,1,1,1,0,1,1,1,1,1,1,1,0,0,1,1,0,1,0,1,1,1,1,0,1,0,1,0,0,0,1,1,1,0,0,1,0,1,1,1,1,0,0,1,1,1,1,0,1,0,0,1,1
rura1252,1,0,0,1,0,0,1,1,1,1,1,1,1,1,1,1,0,0,1,0,1,0,0,1,1,1,1,1,1,1,0,0,0,1,0,0,0,1,1,0,1,0,0,1,1,1,0,1,1,0,1,1,1,1,1,1,1,1,1,0,1,1,0,0,1,1,1,1,1,1,1,0,1,1,1,1,1,1,1,1,0,1,1,1,1,0,1,1,1,0,1,1,1,1,1,0,0,0,1,0,1,1,1,1,1,1,0,0,0,1,1,1,1,0,0,1,1,1,1,1,1,1,0,1,1,1,1,1,1,1,1,1,1,1,1,0,0,1,0,0,1,0,-1,1,1,1,1,0,0,0,0,0,1,1,1,1,1,1,0,1,1,0,0,1,0,0,0,1,1,1,1,1,1,1,1,1,1,1,1,1,1,1,1,1,1,0,1,1,1,0,1,1,1,0,0,1,1,0,1,1,1,1,1,0,0,1,1,1,1,0,0,1,1,0,1,0,1,0,1,1,1,1,1,0,1,1,1,1,0,1,0,0,1,1
earl1247,0,1,1,-1,0,0,1,1,1,1,1,0,1,1,0,1,0,0,0,1,1,1,0,1,0,1,1,1,0,0,1,0,1,1,1,0,0,1,0,0,0,0,1,0,0,0,0,1,-1,0,1,0,0,0,0,0,0,1,1,0,0,0,0,0,1,1,1,0,1,1,0,0,0,0,0,1,1,1,0,0,0,0,0,0,0,0,1,1,1,0,0,0,0,0,0,1,0,1,1,1,1,1,1,1,0,0,0,0,0,1,0,0,1,0,1,0,1,-1,1,0,0,-1,0,0,1,-1,1,1,1,1,1,1,1,1,1,0,0,1,0,0,0,0,1,0,0,1,0,0,0,0,0,0,1,1,1,1,1,1,0,0,0,1,0,1,0,0,0,-1,1,1,1,1,1,1,1,1,1,0,1,1,1,1,0,0,1,0,0,1,1,1,0,1,0,0,0,1,-1,-1,0,0,1,1,1,0,0,0,0,1,1,0,0,0,1,1,1,0,0,1,1,1,0,-1,-1,0,1,1,1,1,0,0,0,0,1,0
ozar1236,1,1,1,0,0,0,1,1,1,0,1,0,0,1,0,1,0,0,0,0,0,0,0,0,0,0,0,1,1,0,0,0,-1,1,1,0,0,0,1,0,1,0,0,0,-1,0,0,1,0,0,0,1,0,1,0,1,0,-1,0,1,0,0,0,0,-1,0,1,0,1,0,1,0,0,0,0,0,1,1,1,0,0,1,0,0,0,0,0,0,0,0,0,0,0,0,1,0,0,-1,-1,0,0,0,1,1,0,-1,0,0,0,0,0,-1,0,0,0,0,-1,0,0,1,0,0,0,1,1,0,1,1,1,1,-1,-1,1,-1,0,0,0,1,0,0,0,0,1,-1,0,1,0,0,0,0,0,0,1,1,1,0,1,1,0,0,0,0,0,0,0,0,0,0,1,0,1,1,1,1,0,0,0,1,0,1,0,-1,0,0,0,0,1,0,0,0,0,1,0,0,-1,-1,1,0,0,0,1,1,1,0,0,0,0,1,0,0,0,0,-1,0,0,0,1,0,1,1,0,0,0,0,1,-1,-1,1,0,0,-1,0,0,0
appa1236,0,0,0,0,0,0,1,1,1,0,1,0,0,1,0,1,0,0,0,0,0,0,-1,0,0,0,0,1,1,0,0,0,1,1,-1,0,0,0,1,0,0,0,0,0,-1,0,0,1,0,0,0,1,0,0,1,1,0,0,0,0,0,0,0,0,0,0,1,1,1,0,0,0,0,0,0,0,1,1,0,0,1,1,0,0,0,0,1,0,0,0,1,0,0,0,1,0,0,1,1,0,0,0,1,1,0,0,0,0,0,0,0,-1,0,0,0,0,0,0,0,1,0,0,1,1,1,-1,1,1,1,1,0,0,1,1,0,0,0,-1,0,0,0,0,1,1,0,1,0,0,0,1,0,0,1,1,1,0,1,1,0,0,0,0,0,0,0,0,0,0,0,0,1,1,1,1,0,0,0,0,1,1,-1,-1,0,1,1,1,1,0,0,0,1,1,1,0,0,0,0,0,0,0,1,1,1,0,0,1,1,1,0,0,0,0,1,0,-1,0,1,0,1,1,0,1,-1,0,1,1,0,0,0,1,1,-1,0,0
sout3300,1,1,1,1,1,0,1,1,1,0,1,1,1,1,0,1,0,0,0,0,1,0,0,0,1,1,0,1,0,0,0,0,1,1,0,0,0,1,1,0,0,0,0,1,1,1,1,1,1,0,0,1,0,1,1,1,0,0,1,1,1,1,1,0,1,1,1,1,1,0,1,0,0,0,0,0,1,1,1,0,1,1,0,0,1,0,1,1,0,0,1,0,0,-1,1,0,0,1,0,1,1,1,1,1,0,1,0,0,0,0,0,1,1,-1,1,0,0,1,1,1,1,1,0,1,1,1,1,1,1,1,1,0,1,1,1,0,0,1,1,0,1,0,1,1,0,1,0,0,0,0,0,0,1,1,1,1,1,1,0,0,0,1,0,0,1,0,0,1,0,1,1,1,0,0,0,0,0,1,1,1,1,1,1,1,1,0,1,0,1,1,0,1,1,0,1,1,1,0,1,1,1,1,1,1,0,1,0,1,0,1,0,0,1,0,0,0,1,0,1,1,1,1,0,0,1,1,1,1,0,1,0,0,1,1
gull1241,1,-1,1,0,1,1,1,0,1,1,1,1,1,1,1,-1,0,0,1,1,1,1,1,1,1,1,0,0,0,0,0,0,0,1,1,0,0,0,0,0,0,1,1,1,0,1,0,0,0,0,1,1,1,-1,0,1,0,0,0,1,0,1,1,0,-1,1,1,1,1,1,0,0,1,0,0,1,1,0,1,0,-1,0,0,1,1,0,0,1,1,1,-1,-1,0,0,0,0,0,0,0,1,0,0,1,-1,-1,0,0,0,0,1,-1,1,1,1,0,-1,0,0,-1,1,1,1,0,1,-1,0,0,0,0,0,0,0,0,1,-1,0,0,0,1,1,0,0,0,0,0,0,1,1,1,1,1,0,1,1,1,1,1,1,-1,1,1,0,0,1,0,0,0,0,1,0,0,0,1,1,1,1,1,0,0,0,0,0,0,0,0,0,0,1,1,0,0,1,1,0,0,0,1,0,1,1,1,1,1,0,0,0,1,1,1,0,0,1,0,1,1,1,1,0,1,1,1,1,1,1,1,1,1,1,0,1,0,1,0,0
chic1275,-1,-1,-1,0,0,0,1,-1,1,0,0,0,0,-1,0,1,0,0,0,0,0,0,0,0,0,0,0,-1,0,0,0,0,0,1,0,0,0,0,-1,-1,-1,-1,1,-1,-1,-1,-1,-1,-1,0,0,-1,0,0,0,1,0,0,0,-1,0,0,-1,0,-1,-1,-1,0,1,0,-1,0,0,0,0,0,-1,-1,-1,-1,-1,-1,0,0,-1,0,-1,-1,1,0,0,0,0,0,-1,-1,0,1,-1,-1,0,0,0,0,0,0,0,0,0,-1,0,1,-1,-1,-1,-1,0,-1,1,1,0,-1,0,0,1,-1,1,-1,1,-1,1,-1,0,0,0,0,0,0,0,0,0,0,-1,0,0,1,0,0,0,0,0,0,1,1,-1,-1,1,-1,0,0,0,0,0,0,0,0,0,-1,1,0,1,1,-1,1,-1,-1,-1,-1,0,-1,-1,0,0,1,1,0,0,0,0,0,0,1,0,0,0,-1,-1,-1,0,-1,-1,-1,-1,-1,-1,-1,-1,-1,0,0,0,0,-1,-1,-1,-1,0,0,1,1,-1,-1,-1,-1,-1,1,-1,-1,-1,-1,-1,-1,1,1
baha1263,1,0,1,1,1,0,1,1,1,0,1,1,1,1,0,1,0,0,0,0,1,1,0,1,1,1,0,1,1,0,1,0,1,1,0,0,0,1,1,0,1,1,1,1,0,1,0,1,1,1,1,1,1,1,1,1,0,0,0,1,0,1,1,0,0,0,1,0,1,0,1,0,0,0,0,1,1,1,1,0,0,1,0,1,0,0,1,1,1,1,0,0,0,0,1,0,0,1,1,1,1,1,1,1,0,0,0,0,0,1,1,1,1,0,0,0,1,1,1,1,0,0,0,0,1,0,1,1,1,1,1,0,1,1,1,0,0,0,1,1,1,0,-1,1,0,1,0,0,0,0,0,0,1,1,1,1,1,1,1,1,0,1,0,0,0,0,0,0,1,1,1,1,1,1,1,1,1,1,1,1,1,1,1,1,1,0,0,1,1,0,1,0,0,0,0,1,-1,0,0,0,1,1,1,0,0,0,1,-1,0,0,0,0,0,0,1,0,0,0,1,1,1,0,0,0,1,0,1,1,0,0,-1,0,1,1
baha1260,0,1,0,0,1,1,1,0,1,1,1,1,1,1,0,1,0,1,1,1,1,1,1,1,1,1,0,0,0,1,1,0,1,1,0,0,0,0,1,0,0,0,1,1,-1,1,1,1,1,1,1,1,0,1,1,0,1,1,0,0,0,0,0,0,1,0,1,-1,1,0,0,0,1,0,0,1,1,1,1,0,0,0,0,0,0,0,1,1,1,1,1,1,0,0,0,0,0,0,0,0,0,1,1,0,0,0,0,1,0,1,0,1,1,0,0,0,1,0,1,1,0,1,0,1,1,0,1,1,0,1,1,0,1,0,0,0,0,0,0,1,0,0,0,0,0,1,1,1,1,1,0,0,1,1,1,1,1,1,1,0,0,0,0,1,0,0,0,0,1,1,1,1,1,1,1,1,1,0,1,0,0,0,0,-1,0,0,0,-1,1,0,0,1,0,0,0,0,0,0,1,1,1,1,0,1,1,0,1,0,1,0,0,1,1,0,1,0,0,1,1,1,1,1,1,1,1,1,1,1,0,0,0,0,0,0
baja1265,1,1,0,0,1,1,1,0,0,1,0,0,1,1,0,1,0,1,1,1,1,1,1,0,0,0,0,0,0,0,0,0,0,1,0,0,0,0,0,0,0,0,0,0,0,1,0,1,0,0,0,1,1,1,0,0,0,0,0,1,0,1,1,0,1,0,1,1,1,0,0,0,1,0,0,1,1,1,1,0,0,1,0,0,0,0,1,0,0,1,0,1,0,0,0,0,0,0,0,1,0,0,1,0,0,0,0,1,0,0,1,0,1,0,0,0,1,1,0,0,0,0,0,1,1,0,0,-1,0,0,1,0,0,0,0,0,0,1,0,0,0,0,0,0,1,1,0,0,0,0,0,0,1,1,1,1,1,1,0,0,0,-1,0,1,0,0,0,0,1,0,1,0,1,1,0,1,1,0,1,0,0,0,0,1,0,0,0,1,1,0,0,0,0,0,1,1,0,0,0,1,1,1,1,1,1,0,0,0,0,0,0,1,1,-1,1,1,0,1,1,1,1,1,1,0,1,1,1,1,0,1,0,0,0,0
jama1265,0,0,-1,-1,1,1,1,-1,-1,0,0,0,0,0,0,-1,1,1,1,0,0,1,1,1,1,0,0,-1,-1,0,0,0,0,1,0,0,0,0,0,0,0,0,0,0,0,1,0,1,0,0,1,1,-1,-1,1,0,1,1,-1,1,1,1,1,1,1,1,1,0,1,0,-1,0,0,0,0,1,-1,-1,-1,0,0,0,0,0,0,0,1,1,0,0,0,-1,0,0,0,-1,0,1,1,1,0,0,1,0,0,0,0,0,0,1,0,1,1,1,0,-1,0,1,1,0,0,-1,0,0,1,1,1,1,1,1,1,0,0,0,0,0,0,0,0,0,0,0,0,0,0,1,0,1,1,1,-1,0,1,-1,-1,-1,1,-1,1,0,0,0,0,0,0,0,0,-1,1,0,1,0,1,1,1,1,1,1,0,0,0,0,0,1,0,0,0,-1,-1,0,0,1,0,0,0,-1,-1,0,1,1,0,0,-1,0,0,-1,-1,0,1,0,0,-1,-1,-1,1,0,-1,-1,1,1,0,1,1,1,-1,1,1,1,0,0,0,-1,-1,1
jama1262,1,1,1,0,1,1,1,1,1,1,1,1,0,1,0,1,1,1,1,1,0,1,1,1,1,1,0,-1,0,0,1,1,0,1,0,0,0,0,0,0,0,0,1,-1,1,1,1,0,0,0,1,1,1,1,1,0,1,1,-1,1,-1,1,1,0,1,0,1,-1,1,0,-1,0,-1,1,0,1,1,1,1,0,0,1,0,0,-1,0,1,1,0,0,0,1,0,0,0,0,0,0,0,0,0,1,1,0,0,0,0,1,1,1,1,0,1,1,0,1,0,0,1,1,0,0,0,1,1,0,1,1,1,1,1,0,0,1,0,0,0,0,1,1,0,0,0,0,0,1,1,1,1,1,1,0,1,0,0,0,1,1,1,1,-1,0,0,1,0,1,0,-1,1,0,0,1,1,1,0,1,1,0,1,0,0,0,0,1,0,1,0,1,1,0,1,1,1,0,-1,1,1,-1,1,1,0,0,1,1,1,0,1,0,1,0,0,1,1,1,1,1,0,1,1,1,1,1,1,1,0,0,1,1,0,1,0,0,1,1
sana1297,0,0,1,0,0,0,1,0,0,1,1,1,1,1,0,0,1,1,0,1,1,1,1,0,1,1,0,0,0,0,0,0,0,1,0,0,0,0,0,0,0,0,1,0,0,1,0,0,0,0,1,1,0,0,1,1,1,1,0,0,0,0,0,0,1,0,1,0,1,0,0,0,0,0,0,1,1,1,0,0,0,0,0,0,0,0,0,0,0,0,0,1,0,0,0,0,0,0,0,1,0,0,1,0,0,0,0,0,0,1,0,1,1,1,0,1,0,0,0,0,0,0,1,0,0,0,0,0,0,0,1,0,0,0,0,0,0,0,1,1,0,0,0,0,1,0,0,1,1,1,0,0,1,0,0,0,0,1,1,0,0,0,0,0,0,0,0,1,1,0,0,1,0,0,1,1,1,1,0,0,0,0,0,0,0,0,0,1,0,0,0,0,0,0,0,0,0,0,1,1,0,1,0,1,0,0,1,0,1,0,0,1,0,0,1,0,0,0,0,1,1,1,0,1,0,0,1,1,0,0,0,1,0,0
beli1260,0,0,1,1,1,1,1,0,-1,1,0,0,0,-1,0,1,1,0,0,0,0,-1,1,0,0,0,0,0,0,0,0,0,0,1,0,0,0,0,0,0,0,1,1,0,1,1,0,0,0,1,1,0,0,0,0,0,1,1,0,0,0,1,0,0,1,1,1,0,1,0,0,0,1,1,0,1,0,0,-1,0,0,0,0,0,0,0,0,1,0,0,0,1,0,0,0,0,0,0,0,0,0,0,1,0,0,0,0,0,0,1,-1,1,1,1,0,1,0,0,0,0,0,-1,0,0,0,-1,0,1,0,-1,1,0,0,0,0,0,0,0,1,1,0,0,0,0,0,-1,0,0,0,1,0,0,1,0,0,0,0,1,1,0,-1,0,0,-1,0,0,0,-1,1,0,0,1,1,1,1,1,1,1,0,0,0,0,0,0,0,0,0,0,1,0,0,1,1,0,-1,0,-1,-1,1,1,0,0,-1,1,1,0,1,0,-1,0,0,1,0,0,1,0,0,-1,-1,-1,-1,1,1,1,0,0,1,1,0,0,0,0,1,1
creo1235,1,1,1,1,1,1,1,0,0,1,0,0,-1,1,0,1,1,0,1,1,1,1,1,0,1,1,0,0,0,0,1,1,0,1,0,0,0,0,0,0,0,0,1,0,-1,1,1,0,0,0,1,1,0,0,1,0,0,0,0,0,1,0,0,0,1,0,1,1,1,0,0,0,1,1,0,1,1,1,1,0,0,0,0,0,0,0,0,0,0,1,1,1,0,0,0,0,0,1,0,-1,0,1,1,1,0,0,0,1,1,1,0,1,1,0,0,0,1,0,0,1,0,1,0,0,1,0,0,0,0,1,1,0,0,0,0,0,0,0,1,1,0,1,0,0,0,1,1,1,1,1,1,0,1,0,1,1,1,1,1,0,0,0,0,1,0,0,0,0,1,0,1,0,1,1,0,1,1,0,1,0,0,0,1,1,0,0,0,0,1,0,0,0,0,0,0,1,0,0,1,1,0,0,1,1,1,0,1,0,1,0,0,1,1,0,1,1,0,1,1,1,1,-1,-1,1,0,0,1,1,0,1,0,1,1,0
ndyu1242,0,0,1,-1,1,1,0,0,1,1,1,0,0,1,1,0,0,1,1,0,1,1,1,1,0,0,0,0,0,0,0,1,0,1,1,0,0,0,0,0,0,0,0,0,0,0,0,0,0,1,0,1,0,0,0,0,0,0,0,0,0,0,0,0,1,0,0,1,1,1,0,0,1,0,0,1,0,0,1,0,0,0,0,0,0,0,0,0,0,0,0,0,0,0,0,0,0,0,0,0,0,0,0,0,0,0,0,0,1,1,0,-1,1,0,0,0,0,0,0,0,0,0,0,0,0,1,0,0,0,0,0,0,0,0,0,0,0,0,1,1,0,0,0,0,0,0,1,1,1,1,0,0,1,0,0,0,0,0,0,0,0,0,0,1,0,0,0,0,0,0,0,0,0,0,0,1,0,0,0,0,0,0,0,0,0,0,0,0,0,0,0,0,0,0,0,0,0,0,0,1,0,1,0,0,1,0,0,0,0,0,0,0,0,0,0,1,0,0,0,1,0,1,-1,1,0,0,1,1,0,0,0,0,0,0
sara1340,0,0,0,0,1,1,0,0,0,1,1,1,0,0,1,0,1,1,1,0,1,1,1,1,0,0,0,0,0,1,1,1,0,0,0,0,0,0,0,0,0,0,0,0,0,0,0,0,0,1,0,0,-1,0,-1,0,0,0,1,0,0,1,0,0,1,0,0,0,1,0,0,0,1,1,0,0,1,0,1,0,0,0,0,0,0,0,0,0,0,0,0,1,0,0,0,0,0,0,0,0,0,0,0,0,0,0,0,0,1,0,0,0,1,0,0,0,0,0,0,1,0,0,0,1,0,0,0,1,0,0,0,0,0,0,0,0,0,0,1,1,0,0,0,0,0,0,1,1,1,1,1,0,1,0,0,0,0,0,0,0,0,0,0,0,0,0,0,0,0,0,0,0,0,0,0,0,0,0,0,0,0,0,0,0,0,0,0,0,0,0,0,0,0,0,0,0,1,0,1,1,0,1,0,0,1,1,0,0,0,0,0,1,0,0,1,0,0,1,1,1,0,0,1,0,0,0,1,1,0,0,0,1,0,0
sran1240,0,0,0,0,1,1,1,0,0,1,1,1,1,1,0,-1,1,1,1,0,1,1,1,1,0,0,0,0,0,0,0,1,0,1,0,1,0,0,0,0,0,0,0,0,0,0,0,0,0,1,-1,-1,0,0,0,0,0,0,-1,1,0,0,0,0,1,0,0,0,1,1,0,0,1,0,0,1,0,0,1,0,0,0,0,0,0,0,0,0,0,0,0,1,0,0,0,0,0,0,0,0,0,0,0,0,0,0,0,0,1,1,0,0,1,0,0,0,0,0,0,1,-1,0,0,0,0,0,0,0,0,0,0,0,0,0,0,0,0,0,1,1,1,0,0,0,0,0,1,1,1,1,1,0,1,0,0,0,0,0,1,0,0,0,0,0,0,0,0,0,0,0,0,0,0,0,0,1,0,0,0,0,0,0,0,0,0,0,0,0,0,0,0,0,1,0,0,0,0,0,1,1,0,1,0,0,1,0,1,0,1,0,0,0,0,0,1,1,0,1,1,1,1,0,0,1,0,0,1,1,0,0,0,1,0,0
trin1276,0,0,1,0,0,0,1,1,0,0,0,1,1,1,0,1,0,0,1,1,1,1,0,1,1,1,0,0,0,1,1,1,0,1,0,0,0,0,0,0,1,0,0,0,0,1,1,1,1,0,1,1,0,1,1,0,1,1,0,1,0,1,0,0,1,0,1,0,0,0,1,0,0,0,0,1,1,1,1,0,0,0,0,0,0,0,1,1,0,1,0,1,0,0,1,0,0,1,1,1,0,1,1,0,0,0,0,1,1,0,1,1,1,0,0,0,1,1,0,0,0,1,0,1,1,1,1,1,1,1,1,1,0,0,0,0,0,0,0,1,0,0,1,1,0,1,1,1,1,0,0,0,1,1,1,1,1,1,1,0,0,0,0,1,0,1,0,-1,1,0,1,1,1,1,1,1,1,0,1,0,0,0,0,1,1,0,0,1,1,1,0,1,1,0,0,0,1,0,0,0,1,0,1,1,1,0,1,0,1,0,1,1,1,1,1,0,0,0,1,1,1,1,0,1,0,0,1,1,0,1,1,0,1,1
vinc1243,1,0,1,0,1,1,1,1,0,1,1,1,1,1,0,1,1,1,1,1,1,1,1,0,1,1,0,0,0,0,0,1,0,1,0,0,0,0,1,0,0,0,1,0,0,1,0,0,0,0,1,1,0,0,0,1,1,1,0,0,0,1,0,0,1,0,1,1,1,0,0,0,1,1,0,1,1,1,1,0,0,0,0,0,1,0,0,0,0,1,0,1,0,0,0,0,0,1,0,1,0,0,1,0,0,0,0,1,0,1,0,1,1,0,0,0,1,1,0,0,0,0,0,0,0,0,0,0,0,1,1,0,0,0,0,0,0,0,1,1,0,0,0,0,0,1,1,1,1,1,1,0,1,1,1,1,1,1,1,1,0,0,0,1,0,1,1,0,1,1,0,1,1,0,0,1,1,0,1,0,0,0,0,1,0,0,0,1,1,0,1,1,0,0,0,1,0,0,1,1,0,1,1,1,1,0,1,0,1,0,0,1,1,0,1,1,0,0,1,1,1,1,0,1,0,0,1,1,0,0,0,0,1,1
krio1253,0,0,-1,0,1,1,1,0,0,1,1,1,0,1,0,0,0,0,1,1,1,1,1,0,0,1,0,0,0,0,0,1,0,1,0,0,0,0,0,0,0,0,0,0,0,0,0,0,0,0,1,1,0,0,1,0,0,1,1,0,0,0,0,0,1,0,0,0,1,0,0,1,0,0,-1,1,0,0,0,0,0,0,0,0,0,0,0,0,0,0,0,1,0,0,0,0,0,0,0,0,0,0,1,0,0,0,0,1,0,1,0,0,1,0,1,0,0,0,0,-1,0,0,0,0,0,0,0,1,0,0,1,0,0,0,0,0,0,0,1,1,0,0,0,0,0,0,1,1,1,1,1,0,1,0,0,0,0,1,1,0,0,0,0,1,0,-1,0,0,1,0,0,1,0,0,0,1,1,0,0,0,0,0,0,0,0,0,0,1,0,0,1,0,0,0,-1,0,0,0,1,1,0,0,-1,1,0,0,0,0,0,0,0,0,0,0,1,0,0,1,0,1,1,1,-1,1,0,0,1,1,0,1,0,0,0,0
libe1248,0,0,1,1,0,0,1,1,0,0,1,0,1,1,0,1,0,0,1,0,1,1,1,0,0,0,0,0,0,1,0,0,1,1,0,0,0,0,1,0,1,0,0,1,1,0,0,1,1,0,1,1,0,1,1,0,1,1,0,0,0,1,0,0,1,0,1,0,0,0,1,0,0,0,0,1,1,0,0,0,0,0,1,0,1,0,0,0,1,0,1,1,0,0,0,0,0,1,0,0,0,0,1,1,1,0,0,0,1,0,1,0,1,0,1,1,0,0,0,0,0,1,0,1,1,0,1,1,1,1,1,0,1,0,0,0,0,0,1,0,1,0,1,0,0,1,0,0,0,0,0,0,1,1,1,1,1,1,0,0,0,0,0,1,0,1,0,0,1,1,1,1,1,1,1,1,1,0,1,0,1,0,1,1,1,0,0,0,1,0,0,1,1,0,0,0,1,0,1,0,0,-1,1,1,1,0,0,1,0,0,0,0,1,1,1,0,0,0,0,1,1,0,1,1,0,0,1,1,0,0,0,1,0,0
ghan1247,0,0,1,0,1,1,1,1,0,1,1,0,0,0,0,1,0,0,0,0,0,0,0,0,0,0,0,0,0,0,0,0,0,1,0,0,0,0,0,0,1,1,0,0,1,0,0,0,1,0,0,0,0,0,1,0,1,1,1,0,0,1,1,0,1,0,0,0,0,1,0,0,0,0,0,0,0,0,1,0,0,0,1,0,0,0,1,1,0,0,0,0,0,0,0,0,0,1,1,1,0,0,0,0,0,0,0,0,0,0,0,1,0,0,1,1,0,1,1,0,0,1,0,0,0,0,1,0,0,0,1,1,0,0,0,0,0,0,0,0,0,0,1,1,0,1,0,0,0,0,0,0,0,0,0,0,0,1,0,0,0,0,0,1,0,0,0,1,1,1,1,0,1,1,0,0,0,0,0,0,0,0,0,0,0,0,0,0,1,0,0,0,1,0,0,0,0,0,0,0,0,0,0,1,1,0,0,1,0,0,0,0,1,1,1,0,1,0,0,1,1,0,1,0,0,0,0,1,0,0,0,0,0,1
ghan1244,0,0,1,0,1,1,1,0,0,1,1,0,0,1,-1,0,0,0,0,1,0,0,0,0,1,0,0,0,0,0,0,1,0,1,0,0,0,0,0,0,0,0,0,0,0,0,0,0,0,0,0,0,0,0,1,0,1,1,1,0,0,1,1,0,1,1,0,0,0,1,0,0,0,0,0,1,0,0,0,0,0,0,0,0,0,0,0,0,0,0,0,1,0,0,0,0,0,0,0,0,0,0,0,0,0,0,0,1,1,0,0,0,1,1,1,0,0,0,0,-1,0,0,0,0,0,0,0,1,0,0,1,0,0,0,0,0,0,0,0,1,0,0,0,0,0,0,1,1,1,1,1,0,0,0,0,0,0,1,1,0,0,0,0,0,0,0,0,1,1,0,0,0,0,0,0,1,0,0,0,0,0,0,0,0,0,0,0,1,0,0,1,1,1,0,0,0,-1,0,1,0,0,0,0,1,0,0,0,0,0,0,0,1,0,0,1,1,0,1,0,1,1,1,0,0,0,0,1,1,0,0,0,1,0,0
nige1260,0,0,-1,0,0,0,1,1,0,0,1,0,0,1,0,1,0,0,0,0,0,0,0,0,0,0,0,0,0,0,0,0,0,1,0,0,0,0,0,0,1,0,0,0,1,1,1,1,1,0,0,0,0,0,1,-1,0,0,1,0,0,1,0,0,0,0,0,0,0,1,0,0,0,0,0,1,1,0,0,1,0,0,1,1,0,0,1,1,0,0,0,0,0,0,0,0,0,1,0,1,0,0,0,0,0,0,0,1,0,0,0,0,0,0,1,0,0,-1,0,0,0,0,0,0,0,-1,1,0,1,0,0,0,0,0,0,0,0,0,0,-1,-1,0,1,1,0,-1,0,0,0,0,0,0,-1,0,0,0,1,0,0,0,0,0,0,0,0,0,0,1,1,0,0,0,1,1,0,0,0,0,0,0,0,0,0,1,1,0,0,0,0,0,0,0,1,0,0,0,0,0,0,0,0,0,1,0,0,0,1,1,0,0,0,0,1,1,1,1,0,1,-1,1,1,0,0,0,-1,1,0,-1,0,0,0,0,0,1
nige1257,0,0,1,0,1,1,1,1,0,1,1,0,0,1,0,0,0,0,0,1,1,0,1,0,0,0,0,0,0,0,0,1,0,1,0,0,0,0,0,1,0,0,0,1,0,0,0,0,0,0,1,1,0,1,0,0,1,1,1,0,0,1,1,0,1,1,0,0,1,1,0,1,1,0,0,1,0,0,0,0,0,0,0,0,0,0,0,0,0,0,0,1,0,0,0,0,0,0,0,0,0,0,1,0,0,0,0,0,1,1,0,1,1,1,1,0,0,0,0,1,0,0,0,0,0,0,0,1,0,0,1,0,0,0,0,0,0,1,1,1,0,0,0,0,0,0,1,1,1,1,1,0,0,0,0,0,0,1,1,0,0,0,0,1,0,1,0,1,1,0,0,1,1,0,0,1,0,0,0,0,0,0,1,0,0,0,0,1,0,0,1,0,1,0,0,1,-1,1,1,1,0,1,0,1,0,1,0,0,0,0,0,1,1,1,1,0,0,1,1,1,1,1,1,1,0,0,1,1,0,0,0,1,0,0
came1256,0,0,1,0,0,0,1,1,1,1,1,0,1,1,0,1,0,0,0,0,0,0,0,0,0,0,0,0,0,0,0,0,0,1,0,0,0,1,1,0,1,0,0,0,1,0,0,1,1,0,0,1,0,0,1,0,1,1,1,0,0,1,1,0,1,0,0,0,0,1,0,0,0,0,0,1,1,0,1,1,0,0,1,1,1,0,1,1,0,1,1,0,0,0,0,0,0,1,1,1,0,0,0,0,0,0,0,1,0,0,0,1,0,0,0,1,0,1,0,0,1,1,0,0,0,0,1,1,0,1,1,1,0,0,0,0,0,0,0,0,0,0,0,0,0,1,0,0,0,0,0,0,1,0,0,0,1,1,1,1,0,1,0,1,0,0,0,1,1,1,1,0,0,0,0,0,0,0,1,0,0,0,0,0,1,0,0,0,0,0,0,0,1,0,0,1,1,0,1,0,0,0,1,1,0,1,1,1,1,0,0,0,1,1,1,1,0,0,0,1,1,0,0,0,1,1,0,1,0,1,0,1,0,1
came1254,0,0,-1,0,1,1,1,1,0,1,1,1,-1,1,-1,1,0,0,1,1,1,1,1,1,0,0,0,0,0,0,0,1,0,1,0,0,0,0,0,1,0,-1,0,0,0,0,0,0,0,0,1,1,0,-1,1,1,0,-1,1,1,-1,-1,-1,-1,1,1,1,0,1,1,-1,1,1,0,0,1,0,0,0,0,0,0,0,0,0,0,0,0,0,0,0,1,0,0,0,0,0,0,0,0,0,0,1,0,0,0,0,0,1,1,0,0,1,0,1,0,0,0,0,-1,0,0,0,0,0,0,0,1,0,0,1,0,0,0,0,0,0,0,1,1,1,-1,0,0,0,0,1,1,1,1,-1,0,1,0,0,0,0,1,1,0,0,0,0,1,0,0,0,1,1,0,0,1,0,0,1,1,1,0,0,0,0,0,1,0,0,0,0,1,0,0,1,0,1,0,0,0,-1,0,1,1,0,1,0,1,0,0,0,0,0,0,0,1,-1,0,1,1,0,1,1,1,1,-1,1,1,0,0,1,1,0,0,0,1,0,0
tanz1240,0,0,0,0,0,0,1,1,0,0,0,0,0,0,0,1,0,0,0,0,0,0,0,0,0,0,0,0,0,0,0,0,0,0,0,-1,0,0,0,0,0,0,0,0,1,1,1,1,1,-1,0,0,0,0,1,0,0,0,1,1,1,0,1,-1,1,0,0,0,1,-1,0,0,0,0,0,0,1,1,1,0,1,0,1,0,0,0,1,0,0,1,0,0,0,0,-1,1,0,1,1,1,0,0,0,0,0,0,0,0,0,0,0,0,0,-1,-1,-1,0,1,0,0,0,1,0,0,0,0,0,1,0,0,0,0,0,0,0,0,0,0,-1,0,0,0,0,0,0,1,0,0,0,0,0,0,0,-1,0,0,0,1,0,0,0,0,0,1,0,0,0,1,0,0,0,-1,0,0,0,0,0,0,0,0,-1,-1,0,0,0,0,0,0,0,0,0,0,0,0,0,-1,0,0,0,0,0,0,1,0,-1,0,1,1,0,0,0,0,1,1,0,0,0,0,0,1,1,-1,1,0,0,0,0,1,0,0,0,1,0,1
keny1281,1,0,-1,0,0,0,1,1,0,0,0,0,0,-1,1,1,0,0,0,0,1,0,0,0,0,0,0,1,0,0,0,0,0,1,0,0,0,1,0,0,1,1,-1,-1,1,-1,-1,1,1,0,0,0,0,-1,1,1,-1,-1,1,1,1,1,1,1,-1,-1,-1,0,0,1,0,0,-1,-1,0,1,1,-1,1,1,-1,0,1,0,1,0,1,1,0,-1,0,0,0,0,-1,-1,-1,1,1,-1,0,0,0,0,0,0,0,-1,0,0,0,1,0,0,-1,-1,0,-1,1,0,-1,1,0,-1,0,-1,1,-1,1,-1,-1,-1,0,0,0,0,0,0,0,0,0,0,-1,1,0,1,0,0,0,0,0,0,1,1,1,-1,1,1,0,-1,0,0,0,1,0,0,0,1,1,0,1,-1,-1,-1,-1,-1,-1,0,-1,1,1,-1,0,-1,-1,0,0,0,0,-1,1,-1,1,0,0,-1,1,-1,0,-1,-1,-1,1,0,0,-1,1,1,-1,0,0,-1,1,-1,1,-1,0,0,-1,1,1,-1,-1,-1,0,1,1,1,-1,-1,-1,-1,0,1
ugan1243,0,0,0,0,0,0,1,1,0,0,0,0,0,1,0,1,0,0,0,0,0,0,0,0,0,0,0,0,1,0,0,0,0,0,0,0,0,0,0,0,1,0,1,0,1,1,1,1,0,0,0,1,0,0,1,0,0,0,0,1,1,0,1,0,0,0,0,0,0,1,0,0,0,0,0,1,1,1,1,1,1,1,1,1,1,0,1,1,0,1,0,0,0,0,0,0,0,1,1,1,0,0,0,0,0,0,0,1,0,0,0,1,0,0,1,1,0,1,1,0,1,1,0,0,0,1,1,1,1,1,0,0,0,0,0,0,0,0,0,0,0,0,0,0,0,1,0,0,0,0,0,0,1,0,0,0,1,0,0,0,0,0,1,1,0,0,0,1,1,0,1,1,0,0,0,1,0,0,1,0,0,0,0,0,0,0,0,0,0,0,0,0,0,0,1,1,0,0,0,0,0,0,1,0,0,0,1,1,0,0,0,0,1,1,0,1,0,0,1,1,1,0,1,0,0,1,1,1,0,1,0,1,0,1
whit1271,0,0,1,0,0,0,1,1,1,0,0,0,1,0,0,1,0,0,0,0,1,0,0,0,0,0,0,1,1,0,0,0,0,1,0,0,0,1,1,0,0,0,-1,0,1,0,0,0,0,0,0,1,0,1,1,0,0,0,0,1,0,1,0,0,1,1,1,0,0,0,0,0,1,0,0,0,1,1,1,0,1,0,0,0,0,0,1,1,0,1,0,0,0,0,-1,0,0,1,1,0,0,0,0,0,0,0,0,0,0,0,0,1,0,0,1,0,0,1,1,0,-1,-1,0,0,1,1,0,0,0,0,0,0,0,0,0,0,0,0,0,0,0,0,-1,0,0,1,0,0,0,0,0,0,1,1,1,0,1,1,0,0,0,1,0,1,0,0,0,0,0,0,1,0,1,1,0,0,0,0,0,0,0,0,0,1,1,0,0,0,1,0,0,0,0,0,0,1,1,-1,0,0,0,0,1,0,0,1,0,0,0,1,1,1,1,1,0,1,0,0,1,1,1,0,0,0,0,1,1,1,0,0,0,0,1,1
blac1271,1,1,1,0,0,1,1,1,1,1,1,0,0,1,0,1,0,0,0,0,0,0,0,0,0,0,0,1,0,0,0,0,0,1,0,0,0,0,0,0,1,1,0,0,1,1,1,1,1,0,1,1,0,1,1,1,0,0,1,1,1,1,1,1,1,1,0,0,0,1,1,0,1,0,0,0,1,1,1,1,0,0,1,0,1,0,1,1,0,0,0,0,0,0,1,0,0,1,1,1,1,1,0,0,0,0,0,1,1,1,0,1,1,0,0,0,0,1,0,0,0,1,0,0,0,1,1,1,1,1,1,1,0,0,1,0,0,0,0,0,0,0,0,0,0,1,0,0,0,0,0,0,1,0,0,0,1,1,0,0,0,0,0,1,0,0,0,1,1,0,1,0,1,1,0,0,0,0,1,0,0,0,0,1,1,0,0,0,1,1,1,0,1,0,0,1,1,0,1,0,0,0,1,0,1,1,0,1,0,1,1,1,1,1,1,1,0,1,1,1,1,0,1,0,0,1,1,1,0,1,0,0,1,1
indi1259,0,0,1,0,0,0,1,1,0,0,0,0,0,1,0,1,0,0,0,0,0,0,1,0,0,0,0,0,0,0,0,1,0,1,0,0,0,0,1,1,1,1,1,1,1,0,0,1,1,0,0,1,1,1,1,1,0,0,0,0,0,1,0,1,1,1,1,0,0,1,1,0,0,0,0,0,1,1,1,0,0,0,0,0,0,0,1,1,1,0,0,1,0,0,1,0,0,1,1,1,0,0,0,0,0,0,0,0,1,0,0,1,0,0,0,0,0,0,0,0,0,1,0,0,0,1,1,1,1,1,0,0,0,0,0,0,0,0,0,0,0,0,0,0,0,1,0,0,1,0,0,0,1,0,0,0,1,1,0,0,0,0,0,1,0,1,0,1,1,0,1,0,1,0,0,0,0,1,1,0,0,0,0,1,1,0,0,0,1,0,0,1,1,0,1,1,1,1,0,0,0,0,1,1,1,0,0,1,0,1,1,1,0,1,1,1,0,1,1,1,1,0,1,0,0,1,1,1,0,0,0,0,1,0
whit1272,1,0,1,0,0,0,1,1,1,0,0,0,0,1,0,1,0,0,0,0,0,0,0,0,0,0,0,1,1,0,0,0,0,1,0,0,0,0,1,0,0,1,1,-1,1,0,0,1,1,0,0,1,0,1,0,0,0,0,0,0,0,0,0,0,0,0,0,0,0,1,1,0,0,0,0,0,1,1,1,0,0,0,0,0,0,0,1,0,0,-1,0,0,0,0,1,0,0,1,1,1,0,1,0,0,0,0,0,1,0,0,0,1,0,0,0,0,0,0,0,0,0,0,0,0,0,1,0,0,0,0,0,0,0,0,0,0,0,0,0,0,0,0,-1,0,1,1,0,0,0,0,0,0,0,0,0,0,0,1,0,0,0,0,0,1,0,0,0,0,0,0,1,-1,-1,0,0,0,0,0,0,0,0,0,0,1,0,0,0,0,1,0,0,0,1,0,0,1,0,0,0,0,0,0,1,0,0,0,0,0,0,0,0,0,0,0,0,1,0,0,1,1,0,0,0,0,0,1,0,1,0,0,0,0,1,1
indi1255,0,0,0,1,0,0,1,1,0,1,0,0,0,1,1,0,0,0,0,0,0,0,0,0,0,0,0,0,0,0,0,0,0,1,0,0,0,1,1,1,1,1,1,1,1,1,1,1,1,0,0,0,0,1,1,1,1,1,1,1,1,1,1,0,1,1,0,0,0,1,1,1,0,0,0,1,1,1,1,1,1,0,1,0,1,0,1,1,0,0,0,0,0,0,0,0,0,0,1,1,0,0,0,0,0,0,0,1,0,0,0,1,0,0,0,1,0,1,1,0,0,1,0,0,0,1,1,1,1,1,1,1,0,0,0,0,0,0,0,0,0,0,0,0,1,1,0,0,0,0,0,0,1,0,0,0,1,0,1,0,0,0,0,1,0,0,0,0,1,0,1,0,1,1,1,0,1,1,0,0,0,0,0,0,0,0,0,0,0,1,0,1,1,0,0,1,1,1,0,0,0,0,1,0,1,1,0,1,0,0,0,1,1,1,1,1,0,1,1,1,1,0,1,0,0,1,1,1,1,0,1,0,1,1
paki1244,0,0,1,0,0,0,1,1,0,0,0,0,0,1,0,1,0,0,0,0,0,0,0,0,0,0,0,0,0,0,0,0,0,1,0,0,0,0,1,0,1,1,1,1,1,0,0,-1,0,0,0,0,0,0,1,0,0,0,0,1,1,1,1,1,1,-1,0,0,0,0,0,0,0,0,0,0,0,1,1,1,0,0,0,-1,0,0,-1,1,0,1,0,0,0,0,1,0,0,1,1,0,0,0,0,0,0,0,0,1,0,0,0,1,0,0,0,0,0,1,1,0,-1,1,0,0,0,1,0,0,0,0,0,1,0,0,0,0,0,0,0,0,0,0,1,1,0,1,0,0,0,0,0,0,-1,-1,0,0,0,1,0,0,0,0,0,1,0,0,0,1,0,0,0,0,1,0,-1,0,0,0,0,0,0,0,0,0,0,0,0,0,0,0,0,0,0,0,0,0,-1,1,0,-1,1,1,1,0,0,1,0,1,0,0,0,0,0,1,-1,0,0,0,1,0,1,0,-1,0,0,1,1,1,0,0,0,0,0,1
butl1235,1,1,1,1,0,0,1,1,0,1,1,1,1,1,0,1,0,1,0,1,1,1,0,1,1,1,0,1,1,1,1,1,0,1,1,0,0,0,1,1,1,1,1,1,1,1,1,1,1,0,0,0,0,1,1,0,1,1,1,1,1,1,1,1,1,1,1,0,0,1,0,0,1,1,0,1,1,1,1,1,1,-1,1,0,1,0,1,1,1,0,1,1,0,-1,0,0,0,1,1,1,1,0,0,1,0,0,0,-1,0,0,0,1,0,0,1,1,1,1,-1,0,-1,1,0,0,0,1,1,-1,1,1,1,1,0,0,0,0,0,0,0,0,0,0,0,0,1,1,0,0,0,0,0,0,1,0,0,0,1,1,1,1,0,0,1,1,0,0,0,1,1,1,1,1,1,1,1,1,1,1,1,0,0,0,1,-1,1,0,0,0,1,1,1,1,0,0,1,1,1,1,0,0,-1,1,1,1,0,1,1,1,1,1,-1,1,0,-1,1,1,0,1,1,1,1,-1,1,0,1,1,1,1,1,-1,1,1,1,0
sril1243,0,0,0,0,0,0,1,0,0,0,0,0,0,0,0,0,0,0,0,0,0,0,1,0,0,0,0,1,0,0,0,0,0,1,0,0,0,0,0,1,0,1,1,1,1,0,0,0,0,0,0,1,0,0,1,0,0,0,0,0,0,1,0,0,0,0,0,0,0,0,0,0,0,0,0,0,1,0,0,0,1,0,1,0,0,0,1,1,0,0,0,0,0,0,0,0,1,1,1,0,0,0,0,0,0,0,0,0,0,0,0,1,0,0,0,0,0,0,0,0,0,1,0,0,0,1,0,0,0,0,0,0,0,0,0,0,0,0,0,0,0,0,0,0,0,1,0,0,0,0,0,0,0,0,0,0,1,0,0,0,0,0,0,1,0,0,0,0,0,0,0,0,0,0,0,0,0,0,0,0,0,0,0,0,0,0,0,0,0,0,0,0,0,0,0,0,0,0,0,0,0,0,0,0,0,0,0,1,0,1,0,0,0,0,0,1,0,0,0,0,1,0,0,0,0,1,0,1,0,0,0,0,1,1
hong1245,0,0,-1,0,0,0,1,1,1,1,0,0,0,1,0,-1,0,0,0,0,0,0,0,0,0,0,0,0,0,0,0,0,0,-1,0,0,0,0,0,0,1,1,1,0,1,-1,1,1,1,0,0,1,0,0,1,0,1,1,1,1,0,1,1,0,1,1,0,0,0,1,1,0,0,0,0,1,1,-1,1,1,1,0,1,0,1,1,1,1,0,0,-1,0,0,0,1,0,0,0,1,1,0,0,0,0,0,0,0,1,0,0,0,1,0,0,0,1,0,0,0,0,-1,1,1,0,0,1,1,-1,1,-1,1,1,0,0,0,0,0,0,0,0,0,0,0,1,0,0,0,0,0,0,0,0,1,0,0,0,1,1,0,1,1,1,0,1,0,0,0,1,1,0,1,1,1,1,1,1,1,0,1,0,0,0,0,0,0,0,0,0,0,0,0,1,1,0,0,0,0,0,0,0,0,0,1,0,0,0,1,1,0,0,0,1,0,1,-1,0,0,0,0,0,1,1,1,0,0,1,1,1,0,1,0,0,1,0
sing1272,0,0,1,0,0,0,1,0,0,0,0,0,0,1,0,1,0,0,0,0,0,0,0,0,0,0,0,0,0,0,0,0,0,1,0,0,0,0,0,0,0,1,1,1,1,1,1,1,1,0,0,-1,0,1,1,0,1,1,0,0,0,1,0,0,1,1,0,0,0,0,0,0,0,0,0,0,1,0,1,-1,0,0,0,0,0,0,1,1,0,0,0,0,0,0,0,0,0,1,1,1,0,0,0,0,0,0,1,1,1,0,0,1,1,0,0,1,0,1,0,0,0,1,0,0,0,1,1,1,0,0,1,0,0,0,0,0,0,0,0,0,0,0,0,0,0,1,1,1,1,0,0,1,0,0,0,0,1,1,0,0,0,0,0,1,1,0,0,1,1,0,0,1,1,1,1,1,1,1,0,0,0,0,0,-1,0,0,0,0,0,0,0,0,0,1,0,1,1,0,0,0,0,0,0,1,0,0,1,0,1,0,0,1,0,1,1,0,0,0,1,1,0,0,0,0,0,1,1,1,0,0,0,1,1,1
mala1551,0,0,1,0,0,0,1,1,0,1,0,0,0,1,0,1,0,0,0,0,0,0,0,0,0,0,0,0,0,0,0,0,0,1,0,0,0,0,1,1,1,1,1,1,1,0,1,1,0,0,0,0,1,1,1,1,1,1,0,0,0,1,1,0,0,0,0,0,0,1,0,0,0,0,0,0,1,1,1,0,0,0,1,0,0,0,0,0,0,0,1,0,0,0,0,0,0,1,1,1,0,0,0,0,0,0,0,1,0,0,0,1,0,0,1,1,0,0,0,0,0,0,0,0,0,0,1,1,1,0,1,1,0,0,0,0,0,0,0,0,0,0,0,1,0,1,0,0,0,0,0,0,0,0,0,0,1,1,0,0,0,0,0,1,1,0,0,1,1,0,1,0,1,1,1,1,0,0,0,0,0,0,0,1,1,0,0,0,0,0,0,0,1,1,1,1,1,0,0,0,0,0,1,1,0,0,0,1,0,0,0,0,0,1,0,0,0,0,1,1,1,0,1,0,0,1,1,1,0,1,0,0,0,1
aust1314,1,0,1,0,0,0,1,1,1,0,-1,1,0,1,0,-1,0,0,0,0,0,0,0,0,0,1,0,1,1,0,0,0,-1,1,-1,0,0,-1,0,0,0,0,0,-1,-1,0,0,-1,-1,0,0,-1,0,-1,1,1,0,0,0,-1,0,-1,-1,0,0,0,1,0,1,-1,-1,-1,-1,-1,0,0,1,1,1,1,0,0,0,0,0,0,1,1,0,0,0,0,0,0,1,0,0,1,1,0,1,0,0,-1,0,0,0,-1,0,0,0,1,-1,0,0,0,-1,0,0,0,1,0,0,0,-1,-1,-1,1,1,1,0,0,-1,0,-1,0,0,1,0,0,0,0,0,1,0,1,0,0,0,0,0,0,1,1,1,0,1,1,0,0,0,1,0,0,0,0,0,0,1,1,1,-1,1,1,0,0,0,0,1,1,0,0,0,1,-1,0,0,0,-1,0,0,1,0,0,0,1,1,0,0,0,0,0,1,0,0,0,0,0,0,1,1,0,0,0,1,0,0,0,1,1,-1,1,0,0,0,-1,-1,1,0,0,0,0,1,1
aust1315,1,1,1,0,0,0,1,1,1,0,1,1,0,0,0,0,0,0,0,0,0,0,0,0,0,1,0,1,1,0,0,0,0,1,0,0,0,-1,1,0,0,0,0,1,0,0,0,0,0,0,0,1,0,1,0,0,0,0,0,0,0,0,0,0,0,0,1,0,-1,0,1,0,0,-1,0,0,-1,1,1,0,0,1,-1,0,0,0,1,0,0,0,0,0,0,0,1,1,0,1,-1,0,1,0,0,0,0,0,0,0,0,0,0,1,0,0,0,0,0,0,-1,0,1,-1,0,0,1,0,1,1,1,1,0,0,0,0,0,0,0,1,0,0,0,0,0,0,0,1,0,0,0,0,0,0,1,1,1,0,1,1,0,0,0,0,0,0,0,0,0,0,0,0,1,0,0,0,0,0,0,0,1,0,0,0,0,1,0,0,0,0,0,0,0,1,1,0,0,0,0,0,0,0,0,0,1,0,0,0,0,0,0,1,0,0,0,0,0,0,0,0,1,1,1,1,-1,0,0,1,0,1,0,0,1,-1,1,1
abor1240,1,1,1,1,1,1,1,0,-1,1,1,1,1,1,0,0,0,0,0,1,1,0,0,1,1,1,0,1,1,0,0,0,0,1,0,1,1,1,0,0,-1,1,1,1,0,0,0,1,1,1,1,1,1,-1,1,0,1,1,0,0,0,1,1,1,1,1,1,0,1,1,0,0,1,1,1,1,1,-1,0,0,0,0,0,0,0,1,0,0,1,1,0,1,0,0,0,0,0,0,0,0,0,0,0,0,0,0,0,0,0,1,0,-1,1,0,0,1,1,0,0,0,0,-1,0,0,0,0,1,1,1,1,1,1,0,0,0,0,0,1,0,0,0,1,0,0,0,1,0,1,0,1,0,0,1,0,0,0,1,1,1,1,1,-1,0,1,0,0,0,1,1,0,1,1,1,1,1,1,1,1,1,0,0,0,0,1,0,0,0,0,1,0,0,1,1,0,0,0,0,0,0,0,0,0,1,1,0,0,1,0,-1,1,0,1,0,0,1,1,0,1,1,1,1,0,0,1,0,1,1,1,0,0,0,0,1,1
krio1252,-1,0,-1,-1,1,1,1,1,1,1,1,1,1,1,0,-1,0,1,0,-1,-1,0,1,1,1,-1,0,-1,-1,0,0,0,0,1,0,1,1,1,-1,0,0,1,1,1,0,0,0,0,0,1,1,-1,-1,0,0,0,1,0,1,0,0,1,0,-1,1,1,1,0,0,-1,0,0,1,1,1,1,0,0,0,0,0,0,0,0,-1,1,1,0,0,0,0,0,0,0,0,0,0,0,-1,0,0,0,0,0,0,0,0,0,1,1,0,1,1,0,-1,1,0,0,0,0,0,0,0,-1,0,0,0,0,0,0,1,0,0,0,0,0,0,0,1,0,0,1,0,0,0,0,0,0,0,-1,-1,0,0,0,0,0,-1,-1,-1,-1,1,0,0,1,0,0,0,-1,1,0,1,1,1,1,1,1,1,1,0,0,0,0,0,0,0,0,0,1,0,0,0,1,0,1,0,0,-1,0,0,1,0,0,0,1,0,0,1,0,1,0,0,1,0,0,1,1,0,1,1,1,-1,0,0,0,0,-1,1,1,0,0,0,0,0,0
torr1261,-1,-1,-1,1,1,1,-1,-1,-1,1,1,0,0,1,0,-1,0,0,0,0,0,1,0,1,-1,-1,0,-1,-1,0,1,-1,0,1,0,1,1,1,0,0,-1,-1,1,-1,0,0,0,0,0,1,-1,0,-1,0,0,0,1,1,0,-1,-1,1,1,1,1,1,1,0,1,-1,0,0,1,1,1,1,0,0,0,0,0,0,0,0,0,-1,0,0,0,0,0,0,0,0,0,0,0,0,0,0,0,0,0,0,0,0,0,0,1,1,0,1,1,0,-1,1,0,0,0,0,0,0,0,1,0,0,0,0,0,0,1,0,0,0,0,0,0,0,1,-1,-1,1,0,0,0,0,0,1,-1,-1,-1,0,1,0,0,0,1,1,1,-1,1,0,0,1,0,0,0,-1,1,0,0,1,1,1,1,1,1,0,0,0,0,0,0,0,0,0,0,1,0,0,0,1,0,-1,0,0,0,0,0,0,-1,1,-1,1,0,0,1,-1,1,0,0,1,0,0,1,1,0,1,1,1,-1,0,1,0,0,1,1,1,0,0,0,1,0,0
newz1240,1,0,1,1,0,0,1,1,1,0,0,1,0,1,1,0,0,0,0,0,0,0,0,0,0,1,0,1,-1,0,0,-1,0,1,-1,0,0,0,1,0,0,0,-1,0,-1,0,0,0,1,0,0,1,0,1,0,1,0,0,1,1,0,0,0,0,0,0,1,0,0,0,1,0,0,0,0,0,1,1,1,0,0,-1,0,0,0,0,1,0,0,0,0,0,0,0,-1,0,0,-1,1,0,0,0,0,0,0,0,0,0,0,0,0,1,0,0,0,0,0,0,0,1,1,1,1,0,0,0,1,1,0,1,0,0,0,0,-1,0,0,0,0,0,0,0,-1,0,0,1,0,0,0,0,0,0,1,0,0,0,0,1,0,0,0,0,0,0,0,0,0,0,0,0,1,0,0,0,0,0,0,0,0,0,0,0,0,-1,0,0,0,0,0,0,0,0,-1,0,0,1,1,0,0,0,0,0,1,0,0,0,0,0,0,-1,-1,0,0,0,1,0,0,0,1,1,1,1,0,0,0,1,0,1,0,0,0,0,1,1
pitc1234,0,0,1,0,0,1,0,0,0,1,1,1,0,1,0,1,1,0,0,0,1,0,0,0,0,0,0,1,0,1,1,1,1,1,1,1,1,0,0,0,1,1,1,1,1,1,1,0,0,1,0,1,-1,-1,0,0,1,1,-1,-1,-1,-1,-1,-1,-1,1,1,0,0,1,-1,0,1,-1,0,1,-1,1,1,0,0,-1,0,0,0,0,1,1,0,0,0,1,0,0,0,-1,0,0,0,0,-1,0,1,-1,0,0,0,-1,0,1,-1,-1,1,-1,-1,0,-1,0,0,-1,1,-1,0,-1,-1,-1,0,1,0,1,1,0,0,0,-1,1,0,0,1,1,1,-1,0,0,-1,0,-1,0,0,1,0,0,1,1,0,0,0,1,1,1,-1,0,-1,1,0,-1,1,-1,1,0,1,-1,1,1,1,1,1,0,0,0,0,0,0,0,0,0,0,0,0,0,0,1,1,0,-1,0,1,0,-1,1,0,1,0,1,1,0,-1,-1,1,0,0,1,0,0,1,-1,0,1,1,1,-1,-1,-1,1,0,0,1,1,0,0,-1,1,0,0
palm1243,0,1,1,0,1,1,-1,-1,-1,-1,-1,-1,-1,1,0,-1,0,0,0,0,0,1,1,-1,1,1,1,1,-1,-1,1,-1,-1,1,-1,1,1,1,-1,-1,1,1,1,1,-1,1,1,1,-1,-1,-1,1,-1,0,1,0,1,1,-1,1,1,0,1,1,1,1,1,1,1,1,-1,-1,-1,-1,0,1,1,1,1,-1,1,-1,-1,-1,-1,1,-1,-1,-1,-1,0,-1,-1,-1,1,-1,1,-1,-1,-1,1,-1,-1,-1,-1,-1,-1,-1,1,1,0,1,0,-1,-1,1,0,-1,1,0,-1,1,-1,1,-1,-1,1,1,-1,1,1,1,-1,1,-1,-1,-1,-1,-1,-1,-1,-1,-1,-1,1,1,-1,-1,-1,-1,-1,-1,1,-1,1,-1,1,1,-1,1,-1,-1,-1,0,-1,-1,-1,1,0,0,1,1,1,0,1,1,1,1,-1,-1,-1,-1,-1,-1,-1,-1,-1,-1,-1,-1,-1,1,-1,-1,-1,-1,-1,-1,-1,1,-1,-1,-1,1,-1,-1,-1,-1,-1,-1,-1,1,-1,-1,1,-1,-1,-1,0,1,1,1,1,1,0,1,1,1,-1,-1,1,1,1,0
acro1240,-1,0,0,0,0,0,-1,-1,-1,0,0,0,0,0,0,0,0,0,0,0,0,0,0,0,0,-1,0,0,-1,0,0,0,0,0,0,0,0,0,0,0,1,0,-1,0,1,-1,-1,1,1,0,0,1,0,-1,1,0,1,1,-1,1,1,1,1,-1,1,-1,0,0,0,0,0,0,0,0,0,-1,1,-1,-1,-1,0,-1,-1,-1,-1,0,1,-1,0,-1,-1,-1,0,0,-1,1,0,1,1,1,1,0,0,0,0,0,-1,-1,0,0,-1,1,0,-1,0,1,0,-1,1,-1,1,1,0,0,0,-1,1,1,-1,-1,1,1,0,1,0,0,0,-1,0,0,0,0,-1,-1,0,1,0,0,0,0,0,0,-1,0,0,0,-1,1,0,0,0,0,0,1,0,0,0,-1,1,-1,1,1,-1,-1,-1,-1,-1,-1,0,-1,0,0,0,-1,0,0,0,0,-1,0,0,-1,1,0,0,0,-1,0,0,0,0,0,0,0,0,-1,-1,-1,-1,0,0,0,0,0,-1,0,0,0,-1,-1,1,1,-1,1,0,1,1,1,0,0,-1,0,-1,-1
pure1243,1,1,1,-1,1,1,1,1,1,1,-1,-1,-1,-1,-1,-1,0,0,1,0,1,0,1,1,1,0,1,1,0,1,1,1,0,1,0,1,1,1,0,0,0,1,1,1,1,1,1,1,1,0,1,-1,1,1,1,1,1,1,-1,1,1,1,1,0,1,1,1,0,1,1,-1,0,0,-1,0,1,1,1,1,-1,-1,0,1,0,1,0,1,-1,0,0,1,1,0,0,1,0,0,1,1,1,1,0,0,0,0,0,0,0,0,1,0,1,1,0,0,1,0,0,0,1,-1,0,0,0,0,0,1,-1,0,1,1,1,0,0,0,0,0,1,0,0,0,0,1,1,1,1,0,0,0,0,0,0,1,0,0,0,1,1,1,1,0,0,0,1,0,0,-1,1,1,1,1,1,1,1,1,1,1,1,1,-1,0,0,0,1,0,0,0,0,-1,0,0,1,1,0,0,0,0,0,0,0,0,0,1,0,0,0,1,0,1,1,0,0,0,0,1,0,0,0,1,1,-1,0,-1,0,1,1,1,1,0,0,-1,1,1,1
bisl1239,0,0,1,0,1,0,0,0,0,1,0,0,0,0,0,0,0,0,0,0,0,0,0,0,0,0,0,0,0,0,0,0,0,1,0,1,1,1,0,0,0,1,1,1,0,1,1,0,0,1,0,0,1,0,0,0,0,0,0,0,0,1,0,0,1,1,0,0,0,0,0,0,0,0,1,0,0,0,1,0,0,0,0,0,-1,1,0,0,0,0,0,1,1,0,0,0,0,0,0,0,0,0,0,0,0,0,0,0,1,1,0,0,0,0,1,0,0,0,0,0,1,0,0,0,0,0,0,0,0,0,1,0,0,0,0,0,0,0,1,-1,0,1,0,0,0,0,0,1,1,-1,0,0,0,0,0,0,0,0,1,0,0,0,0,1,0,0,0,1,1,0,0,1,0,0,1,1,1,1,0,0,0,0,0,0,0,0,0,1,0,1,0,1,1,0,-1,0,0,0,1,0,0,0,0,1,0,1,0,0,1,0,0,1,0,0,0,0,0,1,0,0,1,0,1,0,0,1,1,1,0,0,1,1,1,1
tokp1240,0,0,0,0,1,0,0,0,0,1,0,0,0,0,0,0,0,0,0,0,0,0,0,0,0,0,0,0,0,0,0,1,0,1,0,1,1,1,0,0,0,1,0,0,0,0,0,0,0,1,0,-1,0,0,0,0,0,0,0,0,0,0,0,0,1,0,0,0,0,0,0,1,0,0,1,0,0,0,0,0,0,0,0,0,0,1,0,0,0,0,0,1,1,0,0,0,0,0,0,1,0,0,0,0,0,0,0,0,1,1,0,0,0,1,0,0,0,0,0,0,0,0,0,0,0,0,0,0,0,0,0,0,0,0,0,0,0,0,0,0,0,1,0,0,0,0,0,-1,-1,-1,0,0,0,0,0,0,0,0,1,0,0,0,0,-1,0,0,0,1,0,0,0,0,0,0,0,0,0,0,0,0,0,0,0,0,0,0,0,-1,0,0,0,0,-1,0,0,0,0,0,-1,0,0,0,0,1,0,0,0,0,0,0,0,0,0,0,0,0,0,0,0,0,0,0,0,0,0,0,-1,-1,0,0,0,1,0,0
hawa1247,1,1,1,1,0,1,1,0,1,0,0,1,0,1,0,1,0,0,0,0,0,1,0,0,0,0,0,1,0,0,1,0,0,1,0,0,0,1,1,0,0,1,1,1,0,0,0,0,1,0,0,1,1,1,1,0,1,1,0,0,0,1,0,0,1,0,1,0,0,1,0,0,0,0,0,1,1,0,1,0,0,0,0,0,0,0,0,0,0,0,0,1,1,0,0,0,0,1,0,1,0,0,0,0,0,0,0,1,0,1,1,0,1,0,0,0,0,0,0,1,0,1,0,1,1,0,0,0,0,0,1,0,0,0,0,0,0,0,1,1,1,0,0,0,0,1,0,1,1,0,0,0,1,0,0,0,0,1,1,1,1,0,0,1,1,0,0,0,1,0,0,0,1,1,1,1,1,0,1,0,0,0,0,0,0,0,0,0,0,0,0,1,0,1,0,0,0,0,0,1,0,1,0,1,1,0,0,0,1,1,0,1,1,1,1,0,0,1,1,1,1,0,1,0,0,0,1,1,0,0,0,1,0,0
falk1236,1,0,0,0,0,0,1,1,0,0,1,1,0,1,0,0,0,0,0,0,0,0,0,0,0,1,0,1,1,0,0,0,0,1,0,0,0,0,0,0,0,0,0,0,0,0,0,0,0,0,0,0,0,1,0,1,0,0,0,0,0,1,0,0,0,0,1,0,0,0,1,0,0,0,0,0,1,1,1,0,0,0,0,0,0,0,0,0,0,0,1,0,0,1,1,0,0,0,0,0,0,0,0,0,0,0,0,0,0,0,0,1,0,0,0,0,0,0,0,0,0,0,0,0,0,0,1,1,1,1,0,0,1,0,0,0,0,1,0,0,0,0,0,-1,0,1,0,0,0,0,0,0,1,1,1,0,1,1,0,0,0,1,0,0,0,0,0,0,0,1,1,0,0,0,0,0,0,0,1,0,0,0,0,0,0,0,0,0,1,0,0,1,0,0,0,0,0,0,0,0,0,1,1,0,0,0,0,0,0,1,0,0,0,0,1,0,0,0,1,1,0,0,0,0,0,0,0,1,0,0,0,0,1,1
sthe1236,1,0,0,1,0,0,1,1,1,0,1,1,1,0,1,1,0,0,0,1,1,1,1,1,0,1,0,1,1,0,1,-1,0,1,0,0,0,1,1,0,0,1,0,1,1,1,1,0,1,1,1,1,1,-1,1,1,1,1,0,1,1,1,0,0,1,1,1,1,1,1,0,0,0,0,1,1,1,1,1,0,-1,0,0,0,0,0,1,1,1,1,1,1,0,0,1,1,0,1,0,1,1,1,1,0,0,0,0,0,0,1,1,1,1,1,0,1,0,1,1,1,0,1,0,1,1,0,1,1,1,1,1,0,1,0,0,0,0,1,0,0,1,0,-1,1,0,1,0,0,0,1,0,0,1,1,1,0,1,1,1,1,0,0,0,0,0,0,0,0,1,1,1,1,1,1,1,1,1,1,1,0,0,0,0,1,1,0,0,0,1,1,0,1,-1,0,0,0,-1,0,1,1,1,1,1,1,0,-1,0,0,1,0,0,0,-1,0,1,1,1,1,1,1,1,0,1,0,1,1,1,1,0,0,1,1,1,1
tris1241,1,0,0,1,0,0,1,1,1,0,1,1,1,0,0,1,0,0,0,0,1,1,0,1,0,1,0,1,1,0,0,0,1,1,0,0,0,1,0,0,0,0,1,1,-1,1,1,0,1,0,1,1,1,1,0,1,1,1,0,1,0,-1,1,0,1,1,1,1,1,1,0,0,0,0,1,1,1,1,1,0,1,0,0,0,0,0,1,1,1,1,0,1,0,0,-1,0,0,1,0,0,1,1,1,1,0,0,0,0,0,1,0,0,0,0,1,1,0,-1,1,1,0,-1,0,0,0,0,1,1,1,1,1,1,0,0,0,0,0,1,0,0,1,1,0,1,0,1,0,0,0,1,0,1,1,1,1,0,1,1,0,0,0,0,0,0,0,0,0,0,0,0,1,1,1,1,1,1,1,1,1,0,0,0,1,1,1,0,0,0,1,0,0,1,0,0,0,0,-1,0,0,1,1,1,1,0,0,0,1,0,1,0,0,0,0,0,1,1,0,1,1,1,-1,0,1,0,1,0,1,1,1,0,0,1,1,1
phil1246,1,0,1,0,0,0,1,1,0,1,0,0,0,1,0,0,0,0,0,0,0,0,0,0,0,0,0,1,0,0,0,0,0,1,1,0,0,0,0,0,1,1,1,1,1,1,0,1,1,0,0,1,1,1,1,0,1,1,0,1,1,1,1,1,1,1,0,0,0,1,0,0,0,0,0,1,1,0,1,1,0,0,1,0,1,1,1,1,0,1,0,0,0,0,1,1,0,1,1,1,0,0,0,0,0,0,0,1,0,0,0,1,0,0,1,1,0,1,1,0,0,1,0,0,0,1,1,0,1,0,1,1,0,0,0,0,0,0,0,0,0,0,1,0,0,1,0,0,0,0,0,1,1,0,0,0,1,1,1,1,1,0,0,1,0,0,0,1,1,1,1,0,1,1,1,1,1,1,0,0,1,0,0,1,1,0,0,1,0,0,0,1,1,-1,0,1,0,0,0,0,0,0,1,0,0,1,0,1,1,1,0,1,1,1,1,1,0,1,1,1,1,0,1,0,0,1,1,1,0,0,1,1,1,1
cape1242,1,0,1,0,0,0,1,1,1,0,0,0,0,1,0,1,0,0,0,0,0,0,0,0,0,0,0,1,0,0,0,0,0,1,0,0,0,0,0,0,1,1,1,0,0,0,0,0,0,0,0,1,0,1,0,0,0,0,0,0,0,1,0,0,0,0,0,0,0,1,0,0,0,0,0,0,1,0,0,0,0,0,0,0,0,0,1,0,0,0,0,1,0,0,1,0,0,1,0,1,0,1,0,0,0,0,0,1,0,0,0,1,0,0,0,1,0,0,0,0,0,1,0,0,0,1,0,0,0,1,0,0,0,0,0,0,0,0,0,0,0,0,0,0,0,1,0,0,0,0,0,0,1,0,0,0,1,1,0,0,0,0,0,1,0,0,0,0,1,1,1,1,1,1,0,0,0,0,1,0,0,0,0,0,0,0,0,0,1,0,0,0,0,0,0,0,0,0,0,0,0,0,1,0,0,0,0,0,0,0,0,0,1,1,1,0,0,0,1,1,0,0,0,0,0,1,1,1,0,0,0,0,1,1
